timestamp,file_id,filename,size_bytes,metric,value_sec
1764256047.983775,117,bench_100kB_0.bin,102400,replication,0.9205639362335205
1764256053.9752626,118,bench_100kB_1.bin,102400,replication,0.8595287799835205
1764256059.9657273,119,bench_100kB_2.bin,102400,replication,0.8656771183013916
1764256065.8449316,120,bench_100kB_3.bin,102400,replication,0.8820672035217285
1764256071.8411088,121,bench_100kB_4.bin,102400,replication,0.8937382698059082
1764256077.8561256,122,bench_100kB_5.bin,102400,replication,0.882312536239624
1764256083.811455,123,bench_100kB_6.bin,102400,replication,0.853851318359375
1764256089.9666455,124,bench_100kB_7.bin,102400,replication,1.032238245010376
1764256095.9606404,125,bench_100kB_8.bin,102400,replication,0.8709235191345215
1764256101.822886,126,bench_100kB_9.bin,102400,replication,0.8736298084259033
1764256107.9247165,127,bench_100kB_10.bin,102400,replication,0.9325456619262695
1764256113.8514016,128,bench_100kB_11.bin,102400,replication,0.9192042350769043
1764256119.8544598,129,bench_100kB_12.bin,102400,replication,0.9257919788360596
1764256126.0122523,130,bench_100kB_13.bin,102400,replication,0.8779118061065674
1764256131.8316038,131,bench_100kB_14.bin,102400,replication,0.8577659130096436
1764256137.859054,132,bench_100kB_15.bin,102400,replication,0.9295151233673096
1764256143.775065,133,bench_100kB_16.bin,102400,replication,0.9115567207336426
1764256149.8111913,134,bench_100kB_17.bin,102400,replication,0.8920361995697021
1764256155.7548783,135,bench_100kB_18.bin,102400,replication,0.9030952453613281
1764256161.6760948,136,bench_100kB_19.bin,102400,replication,0.8884561061859131
1764256167.5594704,137,bench_100kB_20.bin,102400,replication,0.8822884559631348
1764256173.4195695,138,bench_100kB_21.bin,102400,replication,0.8647398948669434
1764256179.336479,139,bench_100kB_22.bin,102400,replication,0.8884680271148682
1764256185.2466311,140,bench_100kB_23.bin,102400,replication,0.9051895141601562
1764256191.1695633,141,bench_100kB_24.bin,102400,replication,0.9065773487091064
1764256197.140478,142,bench_100kB_25.bin,102400,replication,0.8569204807281494
1764256203.2476616,143,bench_100kB_26.bin,102400,replication,0.9666187763214111
1764256209.1607888,144,bench_100kB_27.bin,102400,replication,0.8638763427734375
1764256215.1530132,145,bench_100kB_28.bin,102400,replication,0.9341917037963867
1764256221.1804721,146,bench_100kB_29.bin,102400,replication,0.9244916439056396
1764256227.1286473,147,bench_100kB_30.bin,102400,replication,0.8721747398376465
1764256233.0655682,148,bench_100kB_31.bin,102400,replication,0.903526782989502
1764256238.9679902,149,bench_100kB_32.bin,102400,replication,0.8572022914886475
1764256245.0206394,150,bench_100kB_33.bin,102400,replication,0.8937439918518066
1764256250.9394455,151,bench_100kB_34.bin,102400,replication,0.8726696968078613
1764256256.8573847,152,bench_100kB_35.bin,102400,replication,0.8936970233917236
1764256262.8652842,153,bench_100kB_36.bin,102400,replication,0.8983438014984131
1764256268.8203273,154,bench_100kB_37.bin,102400,replication,0.8985600471496582
1764256274.8993669,155,bench_100kB_38.bin,102400,replication,0.8967502117156982
1764256280.835606,156,bench_100kB_39.bin,102400,replication,0.876093864440918
1764256286.7068987,157,bench_100kB_40.bin,102400,replication,0.8663671016693115
1764256292.5672607,158,bench_100kB_41.bin,102400,replication,0.8963618278503418
1764256298.5595467,159,bench_100kB_42.bin,102400,replication,0.8652191162109375
1764256304.490016,160,bench_100kB_43.bin,102400,replication,0.8827650547027588
1764256310.3606994,161,bench_100kB_44.bin,102400,replication,0.8904256820678711
1764256316.2969859,162,bench_100kB_45.bin,102400,replication,0.8836474418640137
1764256322.2539625,163,bench_100kB_46.bin,102400,replication,0.8554441928863525
1764256328.1773446,164,bench_100kB_47.bin,102400,replication,0.9098727703094482
1764256334.0148978,165,bench_100kB_48.bin,102400,replication,0.8651940822601318
1764256339.8782449,166,bench_100kB_49.bin,102400,replication,0.8645496368408203
1764256345.733216,167,bench_100kB_50.bin,102400,replication,0.869713306427002
1764256351.7305062,168,bench_100kB_51.bin,102400,replication,0.8925676345825195
1764256357.6548784,169,bench_100kB_52.bin,102400,replication,0.8536398410797119
1764256363.6718044,170,bench_100kB_53.bin,102400,replication,0.8897948265075684
1764256369.6045735,171,bench_100kB_54.bin,102400,replication,0.8872096538543701
1764256375.6451387,172,bench_100kB_55.bin,102400,replication,0.885392427444458
1764256381.6321838,173,bench_100kB_56.bin,102400,replication,0.8945357799530029
1764256387.6002164,174,bench_100kB_57.bin,102400,replication,0.871058464050293
1764256393.5487099,175,bench_100kB_58.bin,102400,replication,0.9104578495025635
1764256399.456392,176,bench_100kB_59.bin,102400,replication,0.9024229049682617
1764256405.4967127,177,bench_100kB_60.bin,102400,replication,1.0313167572021484
1764256411.4627666,178,bench_100kB_61.bin,102400,replication,0.9160115718841553
1764256417.3593688,179,bench_100kB_62.bin,102400,replication,0.9068155288696289
1764256423.3974698,180,bench_100kB_63.bin,102400,replication,0.8994705677032471
1764256429.4005623,181,bench_100kB_64.bin,102400,replication,0.8774113655090332
1764256435.3692067,182,bench_100kB_65.bin,102400,replication,0.9646151065826416
1764256441.4716012,183,bench_100kB_66.bin,102400,replication,0.9299585819244385
1764256447.418684,184,bench_100kB_67.bin,102400,replication,0.8892707824707031
1764256453.3401728,185,bench_100kB_68.bin,102400,replication,0.8997354507446289
1764256459.2446153,186,bench_100kB_69.bin,102400,replication,0.8538858890533447
1764256465.094806,187,bench_100kB_70.bin,102400,replication,0.8653779029846191
1764256471.042478,188,bench_100kB_71.bin,102400,replication,0.8647942543029785
1764256476.9347866,189,bench_100kB_72.bin,102400,replication,0.8846380710601807
1764256482.8328984,190,bench_100kB_73.bin,102400,replication,0.8986907005310059
1764256488.8042004,191,bench_100kB_74.bin,102400,replication,0.8852090835571289
1764256494.7286932,192,bench_100kB_75.bin,102400,replication,0.8982114791870117
1764256500.7159393,193,bench_100kB_76.bin,102400,replication,0.8746953010559082
1764256506.6942003,194,bench_100kB_77.bin,102400,replication,0.8702898025512695
1764256513.2050028,195,bench_100kB_78.bin,102400,replication,1.0516109466552734
1764256519.3422127,196,bench_100kB_79.bin,102400,replication,1.0931816101074219
1764256525.9953053,197,bench_100kB_80.bin,102400,replication,0.8985722064971924
1764256532.0378928,198,bench_100kB_81.bin,102400,replication,1.0636482238769531
1764256538.2587392,199,bench_100kB_82.bin,102400,replication,1.2329788208007812
1764256544.1816916,200,bench_100kB_83.bin,102400,replication,0.8951749801635742
1764256550.1335769,201,bench_100kB_84.bin,102400,replication,0.8568909168243408
1764256556.151257,202,bench_100kB_85.bin,102400,replication,0.8864908218383789
1764256562.1558733,203,bench_100kB_86.bin,102400,replication,0.9362993240356445
1764256568.2166185,204,bench_100kB_87.bin,102400,replication,1.0428674221038818
1764256574.2111952,205,bench_100kB_88.bin,102400,replication,0.9446046352386475
1764256580.1505616,206,bench_100kB_89.bin,102400,replication,0.9004027843475342
1764256586.1884544,207,bench_100kB_90.bin,102400,replication,0.872929573059082
1764256592.2181566,208,bench_100kB_91.bin,102400,replication,0.9666097164154053
1764256598.2886927,209,bench_100kB_92.bin,102400,replication,0.8845667839050293
1764256604.6511493,210,bench_100kB_93.bin,102400,replication,1.2378339767456055
1764256610.6148221,211,bench_100kB_94.bin,102400,replication,0.9279892444610596
1764256616.6884758,212,bench_100kB_95.bin,102400,replication,0.9515042304992676
1764256622.987928,213,bench_100kB_96.bin,102400,replication,0.9110662937164307
1764256628.9886022,214,bench_100kB_97.bin,102400,replication,0.8831315040588379
1764256635.119428,215,bench_100kB_98.bin,102400,replication,1.1207046508789062
1764256641.0210767,216,bench_100kB_99.bin,102400,replication,0.8788337707519531
1764257787.81939,217,bench_100kB_0.bin,102400,replication,1.1270828247070312
1764257794.300577,218,bench_100kB_1.bin,102400,replication,1.2915141582489014
1764257800.635062,219,bench_100kB_2.bin,102400,replication,1.023874282836914
1764257806.6806943,220,bench_100kB_3.bin,102400,replication,0.9615044593811035
1764257813.3597844,221,bench_100kB_4.bin,102400,replication,1.0440375804901123
1764257819.6416636,222,bench_100kB_5.bin,102400,replication,1.26534104347229
1764257826.0028675,223,bench_100kB_6.bin,102400,replication,1.2521615028381348
1764257832.3678608,224,bench_100kB_7.bin,102400,replication,1.1579949855804443
1764257838.448125,225,bench_100kB_8.bin,102400,replication,0.9521598815917969
1764257844.5896387,226,bench_100kB_9.bin,102400,replication,0.922126054763794
1764257850.6692944,227,bench_100kB_10.bin,102400,replication,1.0371472835540771
1764257856.7307377,228,bench_100kB_11.bin,102400,replication,0.9769666194915771
1764257862.7699401,229,bench_100kB_12.bin,102400,replication,0.9079813957214355
1764257868.7640862,230,bench_100kB_13.bin,102400,replication,0.8929541110992432
1764257874.696099,231,bench_100kB_14.bin,102400,replication,0.8924813270568848
1764257880.5988913,232,bench_100kB_15.bin,102400,replication,0.8876268863677979
1764257886.5930278,233,bench_100kB_16.bin,102400,replication,0.923583984375
1764257892.5951412,234,bench_100kB_17.bin,102400,replication,1.004396677017212
1764257898.4930508,235,bench_100kB_18.bin,102400,replication,0.8621683120727539
1764257904.4287398,236,bench_100kB_19.bin,102400,replication,0.8912298679351807
1764257910.4861,237,bench_100kB_20.bin,102400,replication,1.0634765625
1764257916.3824072,238,bench_100kB_21.bin,102400,replication,0.890887975692749
1764257922.302613,239,bench_100kB_22.bin,102400,replication,0.8821687698364258
1764257928.3271248,240,bench_100kB_23.bin,102400,replication,1.031175136566162
1764257934.2354631,241,bench_100kB_24.bin,102400,replication,0.8705117702484131
1764257940.1685023,242,bench_100kB_25.bin,102400,replication,0.9243278503417969
1764257946.064029,243,bench_100kB_26.bin,102400,replication,0.8955795764923096
1764257951.9740455,244,bench_100kB_27.bin,102400,replication,0.9228789806365967
1764257957.9121413,245,bench_100kB_28.bin,102400,replication,0.9308187961578369
1764257963.8295064,246,bench_100kB_29.bin,102400,replication,0.8721656799316406
1764257969.8194165,247,bench_100kB_30.bin,102400,replication,0.8987550735473633
1764257975.7339892,248,bench_100kB_31.bin,102400,replication,0.90185546875
1764257981.7702262,249,bench_100kB_32.bin,102400,replication,0.9712622165679932
1764257987.870038,250,bench_100kB_33.bin,102400,replication,1.0366318225860596
1764257995.4697087,251,bench_100kB_34.bin,102400,replication,1.202157974243164
1764258003.9247675,252,bench_100kB_35.bin,102400,replication,2.6106059551239014
1764258010.7230196,253,bench_100kB_36.bin,102400,replication,0.8788461685180664
1764258016.850632,254,bench_100kB_37.bin,102400,replication,1.0459094047546387
1764258022.81286,255,bench_100kB_38.bin,102400,replication,0.9103763103485107
1764258028.8871918,256,bench_100kB_39.bin,102400,replication,1.0541191101074219
1764258034.8128364,257,bench_100kB_40.bin,102400,replication,0.9156849384307861
1764258040.761162,258,bench_100kB_41.bin,102400,replication,0.9261577129364014
1764258046.6983097,259,bench_100kB_42.bin,102400,replication,0.8802776336669922
1764258052.6478477,260,bench_100kB_43.bin,102400,replication,0.9035751819610596
1764258058.609471,261,bench_100kB_44.bin,102400,replication,0.8767461776733398
1764258064.8436,262,bench_100kB_45.bin,102400,replication,1.053140640258789
1764258071.0376785,263,bench_100kB_46.bin,102400,replication,0.8935303688049316
1764258077.0274403,264,bench_100kB_47.bin,102400,replication,0.8921113014221191
1764258082.9632363,265,bench_100kB_48.bin,102400,replication,0.8973157405853271
1764258088.8743398,266,bench_100kB_49.bin,102400,replication,0.9029781818389893
1764258094.98816,267,bench_100kB_50.bin,102400,replication,0.9894134998321533
1764258100.8798704,268,bench_100kB_51.bin,102400,replication,0.876122236251831
1764258106.9972975,269,bench_100kB_52.bin,102400,replication,0.8789923191070557
1764258115.0761344,270,bench_100kB_53.bin,102400,replication,2.4888713359832764
1764258121.2704349,271,bench_100kB_54.bin,102400,replication,1.0003001689910889
1764258127.1568005,272,bench_100kB_55.bin,102400,replication,0.8776645660400391
1764258133.0601578,273,bench_100kB_56.bin,102400,replication,0.8726670742034912
1764258140.0167181,274,bench_100kB_57.bin,102400,replication,1.936811923980713
1764258145.9414043,275,bench_100kB_58.bin,102400,replication,0.9031500816345215
1764258152.0252151,276,bench_100kB_59.bin,102400,replication,0.9474551677703857
1764258158.0633097,277,bench_100kB_60.bin,102400,replication,0.9456496238708496
1764258164.0221212,278,bench_100kB_61.bin,102400,replication,0.9151575565338135
1764258170.3249958,279,bench_100kB_62.bin,102400,replication,1.020918607711792
1764258176.2786913,280,bench_100kB_63.bin,102400,replication,0.9072437286376953
1764258182.608329,281,bench_100kB_64.bin,102400,replication,1.2363455295562744
1764258188.9473507,282,bench_100kB_65.bin,102400,replication,1.1649999618530273
1764258195.16357,283,bench_100kB_66.bin,102400,replication,1.0806291103363037
1764258201.836481,284,bench_100kB_67.bin,102400,replication,1.0939137935638428
1764258207.768502,285,bench_100kB_68.bin,102400,replication,0.8837628364562988
1764258213.7008996,286,bench_100kB_69.bin,102400,replication,0.9064135551452637
1764258219.7389772,287,bench_100kB_70.bin,102400,replication,0.8850612640380859
1764258225.7452376,288,bench_100kB_71.bin,102400,replication,1.0029635429382324
1764258231.731102,289,bench_100kB_72.bin,102400,replication,0.8788940906524658
1764258237.6958733,290,bench_100kB_73.bin,102400,replication,0.9171411991119385
1764258243.7238352,291,bench_100kB_74.bin,102400,replication,0.9366090297698975
1764258249.7882857,292,bench_100kB_75.bin,102400,replication,0.9283630847930908
1764258255.7191503,293,bench_100kB_76.bin,102400,replication,0.9051640033721924
1764258261.748584,294,bench_100kB_77.bin,102400,replication,0.9288439750671387
1764258267.8685825,295,bench_100kB_78.bin,102400,replication,0.9166302680969238
1764258274.1185412,296,bench_100kB_79.bin,102400,replication,1.0233910083770752
1764258280.234814,297,bench_100kB_80.bin,102400,replication,1.113847255706787
1764258286.1889741,298,bench_100kB_81.bin,102400,replication,0.9131309986114502
1764258292.3047075,299,bench_100kB_82.bin,102400,replication,0.8671610355377197
1764258298.3095903,300,bench_100kB_83.bin,102400,replication,0.8906490802764893
1764258304.6178925,301,bench_100kB_84.bin,102400,replication,1.2646467685699463
1764258313.6313357,302,bench_100kB_85.bin,102400,replication,2.831399440765381
1764258320.108121,303,bench_100kB_86.bin,102400,replication,1.0024731159210205
1764258326.0150816,304,bench_100kB_87.bin,102400,replication,0.8863961696624756
1764258331.9813037,305,bench_100kB_88.bin,102400,replication,0.9224472045898438
1764258338.0969968,306,bench_100kB_89.bin,102400,replication,1.0018887519836426
1764258344.102896,307,bench_100kB_90.bin,102400,replication,1.0115573406219482
1764258350.1300457,308,bench_100kB_91.bin,102400,replication,0.9410159587860107
1764258356.050518,309,bench_100kB_92.bin,102400,replication,0.8808624744415283
1764258361.9547305,310,bench_100kB_93.bin,102400,replication,0.8934426307678223
1764258367.9390929,311,bench_100kB_94.bin,102400,replication,0.8798890113830566
1764258373.9026978,312,bench_100kB_95.bin,102400,replication,0.8893578052520752
1764258379.9149318,313,bench_100kB_96.bin,102400,replication,0.9918785095214844
1764258385.8214262,314,bench_100kB_97.bin,102400,replication,0.901038646697998
1764258391.755151,315,bench_100kB_98.bin,102400,replication,0.8726468086242676
1764258397.8360786,316,bench_100kB_99.bin,102400,replication,0.9554440975189209
1764358952.9686284,1,file_0.bin,1048576,replication,0.18408203125
1764358955.3763502,2,file_1.bin,1048576,replication,0.04024457931518555
1764358957.623022,3,file_2.bin,1048576,replication,0.007947921752929688
1764358959.829927,4,file_3.bin,1048576,replication,0.003960371017456055
1764358962.119213,5,file_4.bin,1048576,replication,0.0069904327392578125
1764358964.4185467,6,file_5.bin,1048576,replication,0.003960609436035156
1764358966.7391744,7,file_6.bin,1048576,replication,0.003991127014160156
1764358969.0263867,8,file_7.bin,1048576,replication,0.004940986633300781
1764358971.3274186,9,file_8.bin,1048576,replication,0.005982398986816406
1764358973.7489653,10,file_9.bin,1048576,replication,0.003961801528930664
1764358976.0243597,11,file_10.bin,1048576,replication,0.004958391189575195
1764358978.3683438,12,file_11.bin,1048576,replication,0.00698399543762207
1764358980.6537676,13,file_12.bin,1048576,replication,0.003960609436035156
1764358982.8988283,14,file_13.bin,1048576,replication,0.0039594173431396484
1764358985.127969,15,file_14.bin,1048576,replication,0.003993034362792969
1764358987.459579,16,file_15.bin,1048576,replication,0.003992557525634766
1764358989.8053665,17,file_16.bin,1048576,replication,0.00396418571472168
1764358992.091222,18,file_17.bin,1048576,replication,0.004996538162231445
1764358994.4123726,19,file_18.bin,1048576,replication,0.004987001419067383
1764358996.7456908,20,file_19.bin,1048576,replication,0.004997968673706055
1764358999.0009062,21,file_20.bin,1048576,replication,0.002995729446411133
1764359001.278357,22,file_21.bin,1048576,replication,0.005983591079711914
1764359003.6435893,23,file_22.bin,1048576,replication,0.004988193511962891
1764359005.8838823,24,file_23.bin,1048576,replication,0.005957126617431641
1764359008.1606188,25,file_24.bin,1048576,replication,0.0049896240234375
1764359010.4804218,26,file_25.bin,1048576,replication,0.003997802734375
1764359012.973255,27,file_26.bin,1048576,replication,0.00595402717590332
1764359015.2248604,28,file_27.bin,1048576,replication,0.003960132598876953
1764359017.479574,29,file_28.bin,1048576,replication,0.0029935836791992188
1764359019.8591256,30,file_29.bin,1048576,replication,0.004990100860595703
1764359022.099229,31,file_30.bin,1048576,replication,0.003992795944213867
1764359024.3887913,32,file_31.bin,1048576,replication,0.0059871673583984375
1764359026.7434583,33,file_32.bin,1048576,replication,0.018804550170898438
1764359029.1643612,34,file_33.bin,1048576,replication,0.005957841873168945
1764359031.5233564,35,file_34.bin,1048576,replication,0.007975578308105469
1764359033.751248,36,file_35.bin,1048576,replication,0.009971380233764648
1764359036.2480197,37,file_36.bin,1048576,replication,0.00996541976928711
1764359038.5449686,38,file_37.bin,1048576,replication,0.003989219665527344
1764359040.844153,39,file_38.bin,1048576,replication,0.003981828689575195
1764359043.1861188,40,file_39.bin,1048576,replication,0.003988504409790039
1764359045.4749324,41,file_40.bin,1048576,replication,0.0039713382720947266
1764359047.7603586,42,file_41.bin,1048576,replication,0.0049896240234375
1764359050.1449368,43,file_42.bin,1048576,replication,0.0069501399993896484
1764359052.4622998,44,file_43.bin,1048576,replication,0.0159609317779541
1764359055.032467,45,file_44.bin,1048576,replication,0.003960609436035156
1764359057.3857923,46,file_45.bin,1048576,replication,0.003992557525634766
1764359059.7182884,47,file_46.bin,1048576,replication,0.0066072940826416016
1764359062.1207738,48,file_47.bin,1048576,replication,0.009976863861083984
1764359064.4637375,49,file_48.bin,1048576,replication,0.006954669952392578
1764359066.7883167,50,file_49.bin,1048576,replication,0.003992319107055664
1764359069.020133,51,file_50.bin,1048576,replication,0.0039937496185302734
1764359071.3312168,52,file_51.bin,1048576,replication,0.008067131042480469
1764359073.6375947,53,file_52.bin,1048576,replication,0.0039675235748291016
1764359077.3467538,54,file_53.bin,1048576,replication,0.003957509994506836
1764359079.681489,55,file_54.bin,1048576,replication,0.004989147186279297
1764359082.0722706,56,file_55.bin,1048576,replication,0.004956483840942383
1764359084.372513,57,file_56.bin,1048576,replication,0.003991127014160156
1764359086.6604097,58,file_57.bin,1048576,replication,0.00395965576171875
1764359088.9890237,59,file_58.bin,1048576,replication,0.003992795944213867
1764359091.3209643,60,file_59.bin,1048576,replication,0.005936384201049805
1764359093.6974976,61,file_60.bin,1048576,replication,0.0029604434967041016
1764359095.9819393,62,file_61.bin,1048576,replication,0.0039942264556884766
1764359098.280237,63,file_62.bin,1048576,replication,0.0049896240234375
1764359100.580125,64,file_63.bin,1048576,replication,0.00698399543762207
1764359102.8643858,65,file_64.bin,1048576,replication,0.003961086273193359
1764359105.1842096,66,file_65.bin,1048576,replication,0.003993034362792969
1764359107.5186536,67,file_66.bin,1048576,replication,0.003993988037109375
1764359109.8873394,68,file_67.bin,1048576,replication,0.004984140396118164
1764359112.216601,69,file_68.bin,1048576,replication,0.003960847854614258
1764359114.6183321,70,file_69.bin,1048576,replication,0.004990100860595703
1764359117.0071232,71,file_70.bin,1048576,replication,0.006984233856201172
1764359119.3305066,72,file_71.bin,1048576,replication,0.004956722259521484
1764359121.6976228,73,file_72.bin,1048576,replication,0.0059757232666015625
1764359124.0159023,74,file_73.bin,1048576,replication,0.004988670349121094
1764359126.32611,75,file_74.bin,1048576,replication,0.004956245422363281
1764359128.6209507,76,file_75.bin,1048576,replication,0.007983207702636719
1764359130.898667,77,file_76.bin,1048576,replication,0.009976625442504883
1764359133.210561,78,file_77.bin,1048576,replication,0.003991365432739258
1764359135.4640856,79,file_78.bin,1048576,replication,0.008514404296875
1764359137.7517164,80,file_79.bin,1048576,replication,0.003974437713623047
1764359140.042754,81,file_80.bin,1048576,replication,0.005984067916870117
1764359142.3432622,82,file_81.bin,1048576,replication,0.0029959678649902344
1764359144.719066,83,file_82.bin,1048576,replication,0.004962921142578125
1764359147.0907648,84,file_83.bin,1048576,replication,0.0069828033447265625
1764359149.3179991,85,file_84.bin,1048576,replication,0.004959583282470703
1764359151.6173093,86,file_85.bin,1048576,replication,0.004951953887939453
1764359153.9266348,87,file_86.bin,1048576,replication,0.003989219665527344
1764359156.194473,88,file_87.bin,1048576,replication,0.007976770401000977
1764359158.479581,89,file_88.bin,1048576,replication,0.003991842269897461
1764359160.8138266,90,file_89.bin,1048576,replication,0.005954742431640625
1764359163.0928977,91,file_90.bin,1048576,replication,0.003958940505981445
1764359165.3619897,92,file_91.bin,1048576,replication,0.003960847854614258
1764359167.6382475,93,file_92.bin,1048576,replication,0.0069768428802490234
1764359169.9282823,94,file_93.bin,1048576,replication,0.004991292953491211
1764359172.2268467,95,file_94.bin,1048576,replication,0.0059909820556640625
1764359174.7269394,96,file_95.bin,1048576,replication,0.005975246429443359
1764359177.0153437,97,file_96.bin,1048576,replication,0.003992319107055664
1764359179.258854,98,file_97.bin,1048576,replication,0.004957675933837891
1764359181.5365095,99,file_98.bin,1048576,replication,0.007951021194458008
1764359183.8227644,100,file_99.bin,1048576,replication,0.003992319107055664
1764359486.2128627,101,file_0.bin,1048576,replication,0.03191804885864258
1764359488.4048615,102,file_1.bin,1048576,replication,0.012971878051757812
1764359490.6446178,103,file_2.bin,1048576,replication,0.01197052001953125
1764359492.9215279,104,file_3.bin,1048576,replication,0.003991603851318359
1764359495.1601543,105,file_4.bin,1048576,replication,0.005988597869873047
1764359497.8633707,106,file_5.bin,1048576,replication,0.00698542594909668
1764359500.1169376,107,file_6.bin,1048576,replication,0.004989147186279297
1764359502.3290198,108,file_7.bin,1048576,replication,0.007946014404296875
1764359504.514208,109,file_8.bin,1048576,replication,0.003992795944213867
1764359506.6712284,110,file_9.bin,1048576,replication,0.0039615631103515625
1764359515.0141401,111,file_10.bin,1048576,replication,0.003992557525634766
1764359517.202883,112,file_11.bin,1048576,replication,0.005936145782470703
1764359519.436543,113,file_12.bin,1048576,replication,0.006975412368774414
1764359521.58415,114,file_13.bin,1048576,replication,0.004956960678100586
1764359523.7840188,115,file_14.bin,1048576,replication,0.006983518600463867
1764359526.023381,116,file_15.bin,1048576,replication,0.0059854984283447266
1764359528.176703,117,file_16.bin,1048576,replication,0.003991842269897461
1764359530.3746078,118,file_17.bin,1048576,replication,0.007884740829467773
1764359532.6656177,119,file_18.bin,1048576,replication,0.004990577697753906
1764359534.8265224,120,file_19.bin,1048576,replication,0.0049588680267333984
1764359537.024788,121,file_20.bin,1048576,replication,0.005185604095458984
1764359539.3221445,122,file_21.bin,1048576,replication,0.003992319107055664
1764359541.5146556,123,file_22.bin,1048576,replication,0.002964496612548828
1764359543.698549,124,file_23.bin,1048576,replication,0.00598907470703125
1764359545.8581681,125,file_24.bin,1048576,replication,0.004990816116333008
1764359548.0591528,126,file_25.bin,1048576,replication,0.006982326507568359
1764359552.729558,127,file_26.bin,1048576,replication,0.00396418571472168
1764359555.0572805,128,file_27.bin,1048576,replication,0.006933450698852539
1764359557.237982,129,file_28.bin,1048576,replication,0.00897836685180664
1764359559.4003334,130,file_29.bin,1048576,replication,0.0039920806884765625
1764359561.6058404,131,file_30.bin,1048576,replication,0.010962724685668945
1764359563.7831795,132,file_31.bin,1048576,replication,0.003992319107055664
1764359565.9365666,133,file_32.bin,1048576,replication,0.006958961486816406
1764359568.099612,134,file_33.bin,1048576,replication,0.0039899349212646484
1764359570.4122524,135,file_34.bin,1048576,replication,0.007981538772583008
1764359572.6189907,136,file_35.bin,1048576,replication,0.004957437515258789
1764359574.826189,137,file_36.bin,1048576,replication,0.009974002838134766
1764359576.9955711,138,file_37.bin,1048576,replication,0.003959178924560547
1764359579.1793506,139,file_38.bin,1048576,replication,0.004954338073730469
1764359581.3450408,140,file_39.bin,1048576,replication,0.003960371017456055
1764359583.4941502,141,file_40.bin,1048576,replication,0.005985260009765625
1764359585.6691613,142,file_41.bin,1048576,replication,0.0039598941802978516
1764359587.809323,143,file_42.bin,1048576,replication,0.004944562911987305
1764359589.9842799,144,file_43.bin,1048576,replication,0.0039594173431396484
1764359592.1535685,145,file_44.bin,1048576,replication,0.004988908767700195
1764359594.3124135,146,file_45.bin,1048576,replication,0.003991842269897461
1764359596.5180454,147,file_46.bin,1048576,replication,0.0039632320404052734
1764359598.6701136,148,file_47.bin,1048576,replication,0.005953073501586914
1764359600.8812294,149,file_48.bin,1048576,replication,0.0040836334228515625
1764359603.055856,150,file_49.bin,1048576,replication,0.004992246627807617
1764359605.2289572,151,file_50.bin,1048576,replication,0.004990816116333008
1764359607.4198208,152,file_51.bin,1048576,replication,0.003965139389038086
1764359609.5817373,153,file_52.bin,1048576,replication,0.005988121032714844
1764359611.7559428,154,file_53.bin,1048576,replication,0.004992246627807617
1764359613.9052806,155,file_54.bin,1048576,replication,0.00598454475402832
1764359616.254955,156,file_55.bin,1048576,replication,0.007941007614135742
1764359618.4598222,157,file_56.bin,1048576,replication,0.00897073745727539
1764359620.6088731,158,file_57.bin,1048576,replication,0.005985736846923828
1764359622.9508016,159,file_58.bin,1048576,replication,0.008979320526123047
1764359625.2602227,160,file_59.bin,1048576,replication,0.004967451095581055
1764359627.444244,161,file_60.bin,1048576,replication,0.007932186126708984
1764359629.5950875,162,file_61.bin,1048576,replication,0.004959821701049805
1764359631.8987253,163,file_62.bin,1048576,replication,0.0029659271240234375
1764359634.101263,164,file_63.bin,1048576,replication,0.006985187530517578
1764359636.2439306,165,file_64.bin,1048576,replication,0.004990816116333008
1764359638.4952884,166,file_65.bin,1048576,replication,0.005984306335449219
1764359640.8362734,167,file_66.bin,1048576,replication,0.002982616424560547
1764359643.008304,168,file_67.bin,1048576,replication,0.003992319107055664
1764359645.192531,169,file_68.bin,1048576,replication,0.006982564926147461
1764359647.3906555,170,file_69.bin,1048576,replication,0.004583120346069336
1764359649.5841212,171,file_70.bin,1048576,replication,0.006982564926147461
1764359651.7750547,172,file_71.bin,1048576,replication,0.0039479732513427734
1764359653.9054854,173,file_72.bin,1048576,replication,0.00598597526550293
1764359656.1039073,174,file_73.bin,1048576,replication,0.008131742477416992
1764359658.377572,175,file_74.bin,1048576,replication,0.00396418571472168
1764359660.5741894,176,file_75.bin,1048576,replication,0.006952047348022461
1764359662.8026423,177,file_76.bin,1048576,replication,0.004988193511962891
1764359665.0376225,178,file_77.bin,1048576,replication,0.005982875823974609
1764359667.1725712,179,file_78.bin,1048576,replication,0.004961967468261719
1764359669.388109,180,file_79.bin,1048576,replication,0.008977651596069336
1764359671.5832856,181,file_80.bin,1048576,replication,0.003960132598876953
1764359673.7784965,182,file_81.bin,1048576,replication,0.01107931137084961
1764359676.0551515,183,file_82.bin,1048576,replication,0.004990816116333008
1764359678.2426295,184,file_83.bin,1048576,replication,0.002959728240966797
1764359680.4015415,185,file_84.bin,1048576,replication,0.004784345626831055
1764359682.5704262,186,file_85.bin,1048576,replication,0.006990194320678711
1764359684.8336225,187,file_86.bin,1048576,replication,0.005987644195556641
1764359686.997491,188,file_87.bin,1048576,replication,0.003993511199951172
1764359689.1843204,189,file_88.bin,1048576,replication,0.0039577484130859375
1764359691.412465,190,file_89.bin,1048576,replication,0.004946470260620117
1764359693.567167,191,file_90.bin,1048576,replication,0.002960681915283203
1764359695.7585232,192,file_91.bin,1048576,replication,0.003962993621826172
1764359697.98375,193,file_92.bin,1048576,replication,0.0039920806884765625
1764359700.1712658,194,file_93.bin,1048576,replication,0.004987955093383789
1764359702.3263788,195,file_94.bin,1048576,replication,0.00499272346496582
1764359704.473411,196,file_95.bin,1048576,replication,0.002958536148071289
1764359706.6350405,197,file_96.bin,1048576,replication,0.007934808731079102
1764359708.7834666,198,file_97.bin,1048576,replication,0.0039942264556884766
1764359711.2516735,199,file_98.bin,1048576,replication,0.004992246627807617
1764359713.4829116,200,file_99.bin,1048576,replication,0.003928661346435547
1764359884.1299999,201,file_0.bin,1048576,replication,0.029815196990966797
1764359886.3621013,202,file_1.bin,1048576,replication,0.014958858489990234
1764359888.5271168,203,file_2.bin,1048576,replication,0.007952690124511719
1764359890.6982014,204,file_3.bin,1048576,replication,0.006983041763305664
1764359892.9245608,205,file_4.bin,1048576,replication,0.007989168167114258
1764359895.154954,206,file_5.bin,1048576,replication,0.008980035781860352
1764359897.4134953,207,file_6.bin,1048576,replication,0.010936498641967773
1764359899.639145,208,file_7.bin,1048576,replication,0.004015207290649414
1764359902.4061286,209,file_8.bin,1048576,replication,0.00399017333984375
1764359904.7064636,210,file_9.bin,1048576,replication,0.009950876235961914
1764359907.1285422,211,file_10.bin,1048576,replication,0.008943319320678711
1764359909.5136077,212,file_11.bin,1048576,replication,0.003961801528930664
1764359911.7111318,213,file_12.bin,1048576,replication,0.004965543746948242
1764359913.9346194,214,file_13.bin,1048576,replication,0.003942012786865234
1764359916.1447349,215,file_14.bin,1048576,replication,0.0039942264556884766
1764359918.536545,216,file_15.bin,1048576,replication,0.009115219116210938
1764359920.8887858,217,file_16.bin,1048576,replication,0.0039920806884765625
1764359923.0567808,218,file_17.bin,1048576,replication,0.00696110725402832
1764359925.2306707,219,file_18.bin,1048576,replication,0.01097559928894043
1764359927.4729962,220,file_19.bin,1048576,replication,0.0049898624420166016
1764359929.7139883,221,file_20.bin,1048576,replication,0.0039598941802978516
1764359932.0301042,222,file_21.bin,1048576,replication,0.003991603851318359
1764359934.3000162,223,file_22.bin,1048576,replication,0.0049571990966796875
1764359936.475938,224,file_23.bin,1048576,replication,0.007982969284057617
1764359938.6717312,225,file_24.bin,1048576,replication,0.0049898624420166016
1764359940.9650142,226,file_25.bin,1048576,replication,0.007981538772583008
1764359943.1540823,227,file_26.bin,1048576,replication,0.003989696502685547
1764359945.3982134,228,file_27.bin,1048576,replication,0.005986928939819336
1764359947.6542385,229,file_28.bin,1048576,replication,0.002992391586303711
1764359949.9325786,230,file_29.bin,1048576,replication,0.005982398986816406
1764359952.2857966,231,file_30.bin,1048576,replication,0.005986213684082031
1764359954.4816453,232,file_31.bin,1048576,replication,0.0059549808502197266
1764359956.6259394,233,file_32.bin,1048576,replication,0.006987810134887695
1764359958.7815177,234,file_33.bin,1048576,replication,0.0049896240234375
1764359961.0096428,235,file_34.bin,1048576,replication,0.003991842269897461
1764359963.1785102,236,file_35.bin,1048576,replication,0.005984306335449219
1764359965.421348,237,file_36.bin,1048576,replication,0.004610300064086914
1764359967.6390789,238,file_37.bin,1048576,replication,0.004990816116333008
1764359969.8763995,239,file_38.bin,1048576,replication,0.006936788558959961
1764359972.0550954,240,file_39.bin,1048576,replication,0.0059871673583984375
1764359974.2268772,241,file_40.bin,1048576,replication,0.006991147994995117
1764359976.8549366,242,file_41.bin,1048576,replication,0.0059871673583984375
1764359979.0539238,243,file_42.bin,1048576,replication,0.0069844722747802734
1764359981.235044,244,file_43.bin,1048576,replication,0.003958940505981445
1764359983.4283516,245,file_44.bin,1048576,replication,0.003992557525634766
1764359985.711593,246,file_45.bin,1048576,replication,0.006982088088989258
1764359987.9142442,247,file_46.bin,1048576,replication,0.018950939178466797
1764359990.153177,248,file_47.bin,1048576,replication,0.005986213684082031
1764359992.3318954,249,file_48.bin,1048576,replication,0.004988908767700195
1764359994.4984567,250,file_49.bin,1048576,replication,0.004988670349121094
1764359996.6486113,251,file_50.bin,1048576,replication,0.004992485046386719
1764359998.848267,252,file_51.bin,1048576,replication,0.00598454475402832
1764360001.0293171,253,file_52.bin,1048576,replication,0.005986690521240234
1764360003.1726472,254,file_53.bin,1048576,replication,0.006984710693359375
1764360005.5237179,255,file_54.bin,1048576,replication,0.004988431930541992
1764360007.7015038,256,file_55.bin,1048576,replication,0.002961397171020508
1764360009.8597674,257,file_56.bin,1048576,replication,0.003991365432739258
1764360012.1513393,258,file_57.bin,1048576,replication,0.003992319107055664
1764360014.36254,259,file_58.bin,1048576,replication,0.008930444717407227
1764360016.6112013,260,file_59.bin,1048576,replication,0.003963947296142578
1764360018.7885609,261,file_60.bin,1048576,replication,0.008937358856201172
1764360020.9598582,262,file_61.bin,1048576,replication,0.006983757019042969
1764360023.1321855,263,file_62.bin,1048576,replication,0.004988670349121094
1764360025.3010936,264,file_63.bin,1048576,replication,0.006934404373168945
1764360027.4346013,265,file_64.bin,1048576,replication,0.004990816116333008
1764360029.6872869,266,file_65.bin,1048576,replication,0.005990505218505859
1764360031.865547,267,file_66.bin,1048576,replication,0.003984212875366211
1764360034.0404704,268,file_67.bin,1048576,replication,0.004958391189575195
1764360036.2088854,269,file_68.bin,1048576,replication,0.007977485656738281
1764360038.3932176,270,file_69.bin,1048576,replication,0.004991054534912109
1764360040.569033,271,file_70.bin,1048576,replication,0.007926702499389648
1764360042.8527617,272,file_71.bin,1048576,replication,0.006962776184082031
1764360045.0457911,273,file_72.bin,1048576,replication,0.006982564926147461
1764360047.190089,274,file_73.bin,1048576,replication,0.002966165542602539
1764360049.4062757,275,file_74.bin,1048576,replication,0.004997968673706055
1764360051.5755632,276,file_75.bin,1048576,replication,0.003993511199951172
1764360053.7831955,277,file_76.bin,1048576,replication,0.007980585098266602
1764360055.9974148,278,file_77.bin,1048576,replication,0.008978605270385742
1764360058.15218,279,file_78.bin,1048576,replication,0.0039653778076171875
1764360060.4286997,280,file_79.bin,1048576,replication,0.006978511810302734
1764360062.596708,281,file_80.bin,1048576,replication,0.004955768585205078
1764360064.8480144,282,file_81.bin,1048576,replication,0.00698089599609375
1764360067.0200102,283,file_82.bin,1048576,replication,0.003961086273193359
1764360069.160161,284,file_83.bin,1048576,replication,0.003961086273193359
1764360071.3682666,285,file_84.bin,1048576,replication,0.005953311920166016
1764360073.6633487,286,file_85.bin,1048576,replication,0.005935192108154297
1764360075.8516042,287,file_86.bin,1048576,replication,0.005955934524536133
1764360078.0999918,288,file_87.bin,1048576,replication,0.003961324691772461
1764360080.249114,289,file_88.bin,1048576,replication,0.003987789154052734
1764360082.4730263,290,file_89.bin,1048576,replication,0.003962278366088867
1764360084.6395676,291,file_90.bin,1048576,replication,0.004988908767700195
1764360086.8218093,292,file_91.bin,1048576,replication,0.004987478256225586
1764360089.0093927,293,file_92.bin,1048576,replication,0.004990816116333008
1764360091.1510334,294,file_93.bin,1048576,replication,0.003994464874267578
1764360093.3076766,295,file_94.bin,1048576,replication,0.006981372833251953
1764360095.4984348,296,file_95.bin,1048576,replication,0.010156393051147461
1764360097.720837,297,file_96.bin,1048576,replication,0.003990650177001953
1764360099.880041,298,file_97.bin,1048576,replication,0.005987644195556641
1764360102.0598228,299,file_98.bin,1048576,replication,0.003960132598876953
1764360104.2526045,300,file_99.bin,1048576,replication,0.006987333297729492
1767340667.445352,301,file_0.bin,1048576,replication,0.04076671600341797
1767340669.6472347,302,file_1.bin,1048576,replication,0.0060482025146484375
1767340671.84471,303,file_2.bin,1048576,replication,0.009200572967529297
1767340674.0233457,304,file_3.bin,1048576,replication,0.041641950607299805
1767340676.2169473,305,file_4.bin,1048576,replication,0.037726402282714844
1767340678.460091,306,file_5.bin,1048576,replication,0.01696181297302246
1767340680.6442218,307,file_6.bin,1048576,replication,0.01160740852355957
1767340682.8353696,308,file_7.bin,1048576,replication,0.01464223861694336
1767340685.02277,309,file_8.bin,1048576,replication,0.026693105697631836
1767340687.1922255,310,file_9.bin,1048576,replication,0.023995161056518555
1767340689.4135523,311,file_10.bin,1048576,replication,0.02704596519470215
1767340691.609558,312,file_11.bin,1048576,replication,0.007994651794433594
1767340693.754858,313,file_12.bin,1048576,replication,0.012499094009399414
1767340696.0537362,314,file_13.bin,1048576,replication,0.0
1767340698.237631,315,file_14.bin,1048576,replication,0.008771419525146484
1767340700.4912164,316,file_15.bin,1048576,replication,0.0869302749633789
1767340702.6168468,317,file_16.bin,1048576,replication,0.010460376739501953
1767340704.8986783,318,file_17.bin,1048576,replication,0.01661205291748047
1767340707.3196516,319,file_18.bin,1048576,replication,0.010369539260864258
1767340709.554555,320,file_19.bin,1048576,replication,0.010178804397583008
1767340711.7814057,321,file_20.bin,1048576,replication,0.041940927505493164
1767340714.0075657,322,file_21.bin,1048576,replication,0.010030269622802734
1767340716.22614,323,file_22.bin,1048576,replication,0.016745805740356445
1767340718.4296076,324,file_23.bin,1048576,replication,0.015364408493041992
1767340720.6174977,325,file_24.bin,1048576,replication,0.01000666618347168
1767340722.7726493,326,file_25.bin,1048576,replication,0.0
1767340724.9286056,327,file_26.bin,1048576,replication,0.01536250114440918
1767340727.1467276,328,file_27.bin,1048576,replication,0.012560129165649414
1767340729.406137,329,file_28.bin,1048576,replication,0.022440433502197266
1767340731.5754628,330,file_29.bin,1048576,replication,0.02758049964904785
1767340733.789312,331,file_30.bin,1048576,replication,0.03390359878540039
1767340735.934525,332,file_31.bin,1048576,replication,0.014184236526489258
1767340738.2413924,333,file_32.bin,1048576,replication,0.0955355167388916
1767340740.47545,334,file_33.bin,1048576,replication,0.006711721420288086
1767340742.6643786,335,file_34.bin,1048576,replication,0.0
1767340744.8663557,336,file_35.bin,1048576,replication,0.008941173553466797
1767340747.0413728,337,file_36.bin,1048576,replication,0.015037298202514648
1767340749.2212498,338,file_37.bin,1048576,replication,0.029407024383544922
1767340751.3974802,339,file_38.bin,1048576,replication,0.00994110107421875
1767340753.6004748,340,file_39.bin,1048576,replication,0.015409708023071289
1767340755.803941,341,file_40.bin,1048576,replication,0.015271663665771484
1767340757.9597828,342,file_41.bin,1048576,replication,0.0
1767340760.1693497,343,file_42.bin,1048576,replication,0.006158590316772461
1767340762.3970437,344,file_43.bin,1048576,replication,0.011311531066894531
1767340764.6166174,345,file_44.bin,1048576,replication,0.015619993209838867
1767340766.8512614,346,file_45.bin,1048576,replication,0.011926412582397461
1767340769.0853505,347,file_46.bin,1048576,replication,0.013968706130981445
1767340771.2512784,348,file_47.bin,1048576,replication,0.010170936584472656
1767340773.4209824,349,file_48.bin,1048576,replication,0.022991657257080078
1767340775.62148,350,file_49.bin,1048576,replication,0.01562666893005371
1767340777.831181,351,file_50.bin,1048576,replication,0.027807950973510742
1767340780.000554,352,file_51.bin,1048576,replication,0.023895978927612305
1767340782.2406566,353,file_52.bin,1048576,replication,0.023928165435791016
1767340784.429178,354,file_53.bin,1048576,replication,0.006474733352661133
1767340786.6101224,355,file_54.bin,1048576,replication,0.0
1767340788.7890153,356,file_55.bin,1048576,replication,0.008046150207519531
1767340791.0719864,357,file_56.bin,1048576,replication,0.04691767692565918
1767340793.3195016,358,file_57.bin,1048576,replication,0.09351825714111328
1767340795.4757912,359,file_58.bin,1048576,replication,0.015372753143310547
1767340797.6629477,360,file_59.bin,1048576,replication,0.015364408493041992
1767340799.8512955,361,file_60.bin,1048576,replication,0.015056371688842773
1767340802.0223114,362,file_61.bin,1048576,replication,0.03131699562072754
1767340804.2578194,363,file_62.bin,1048576,replication,0.009634733200073242
1767340806.4444265,364,file_63.bin,1048576,replication,0.0
1767340808.67117,365,file_64.bin,1048576,replication,0.005550861358642578
1767340810.8518307,366,file_65.bin,1048576,replication,0.01495671272277832
1767340813.006749,367,file_66.bin,1048576,replication,0.015624523162841797
1767340815.148166,368,file_67.bin,1048576,replication,0.013269662857055664
1767340817.321003,369,file_68.bin,1048576,replication,0.016106843948364258
1767340819.487896,370,file_69.bin,1048576,replication,0.011942386627197266
1767340821.666945,371,file_70.bin,1048576,replication,0.013571500778198242
1767340823.8512704,372,file_71.bin,1048576,replication,0.016750097274780273
1767340826.1013477,373,file_72.bin,1048576,replication,0.019316434860229492
1767340828.475037,374,file_73.bin,1048576,replication,0.048062801361083984
1767340830.7697477,375,file_74.bin,1048576,replication,0.027157068252563477
1767340832.9613452,376,file_75.bin,1048576,replication,0.015420913696289062
1767340835.1508853,377,file_76.bin,1048576,replication,0.012719392776489258
1767340837.3303306,378,file_77.bin,1048576,replication,0.011754512786865234
1767340839.5335271,379,file_78.bin,1048576,replication,0.0
1767340841.7255104,380,file_79.bin,1048576,replication,0.010752201080322266
1767340843.928459,381,file_80.bin,1048576,replication,0.01710057258605957
1767340846.1032326,382,file_81.bin,1048576,replication,0.008827447891235352
1767340848.5337229,383,file_82.bin,1048576,replication,0.2682802677154541
1767340850.7251825,384,file_83.bin,1048576,replication,0.010475635528564453
1767340852.9343934,385,file_84.bin,1048576,replication,0.015383720397949219
1767340855.1377184,386,file_85.bin,1048576,replication,0.00479435920715332
1767340857.28819,387,file_86.bin,1048576,replication,0.010938167572021484
1767340859.5227227,388,file_87.bin,1048576,replication,0.015380382537841797
1767340861.7886343,389,file_88.bin,1048576,replication,0.0
1767340863.951106,390,file_89.bin,1048576,replication,0.006155967712402344
1767340866.226666,391,file_90.bin,1048576,replication,0.01396942138671875
1767340868.5067375,392,file_91.bin,1048576,replication,0.09366893768310547
1767340870.8201299,393,file_92.bin,1048576,replication,0.0
1767340873.0992196,394,file_93.bin,1048576,replication,0.013690948486328125
1767340875.2726412,395,file_94.bin,1048576,replication,0.015062808990478516
1767340877.4406562,396,file_95.bin,1048576,replication,0.00794839859008789
1767340879.6637084,397,file_96.bin,1048576,replication,0.015065431594848633
1767340881.8817437,398,file_97.bin,1048576,replication,0.0
1767340884.0544982,399,file_98.bin,1048576,replication,0.019716978073120117
1767340886.2376883,400,file_99.bin,1048576,replication,0.011408090591430664
1767342069.443853,401,file_0.bin,1048576,replication,0.12059164047241211
1767342071.7212653,402,file_1.bin,1048576,replication,0.009093761444091797
1767342073.9452538,403,file_2.bin,1048576,replication,0.04703330993652344
1767342076.1082332,404,file_3.bin,1048576,replication,0.006983518600463867
1767342078.3571131,405,file_4.bin,1048576,replication,0.004956722259521484
1767342080.706802,406,file_5.bin,1048576,replication,0.0089263916015625
1767342082.9109514,407,file_6.bin,1048576,replication,0.00406956672668457
1767342085.176369,408,file_7.bin,1048576,replication,0.005952596664428711
1767342087.3834178,409,file_8.bin,1048576,replication,0.004942655563354492
1767342089.5579765,410,file_9.bin,1048576,replication,0.004956245422363281
1767342091.7792206,411,file_10.bin,1048576,replication,0.003995180130004883
1767342093.995951,412,file_11.bin,1048576,replication,0.004953622817993164
1767342096.1523662,413,file_12.bin,1048576,replication,0.004953145980834961
1767342098.3516183,414,file_13.bin,1048576,replication,0.004076957702636719
1767342100.4968367,415,file_14.bin,1048576,replication,0.0049588680267333984
1767342102.7071426,416,file_15.bin,1048576,replication,0.004968166351318359
1767342104.9599283,417,file_16.bin,1048576,replication,0.003994464874267578
1767342107.1744797,418,file_17.bin,1048576,replication,0.010134220123291016
1767342109.3454125,419,file_18.bin,1048576,replication,0.004956483840942383
1767342111.5259628,420,file_19.bin,1048576,replication,0.00687861442565918
1767342113.7890904,421,file_20.bin,1048576,replication,0.003956317901611328
1767342115.9759846,422,file_21.bin,1048576,replication,0.004159450531005859
1767342118.3450532,423,file_22.bin,1048576,replication,0.00698542594909668
1767342120.653243,424,file_23.bin,1048576,replication,0.003993988037109375
1767342122.8560505,425,file_24.bin,1048576,replication,0.002965211868286133
1767342125.0488338,426,file_25.bin,1048576,replication,0.0039615631103515625
1767342127.2366755,427,file_26.bin,1048576,replication,0.00812220573425293
1767342129.4857016,428,file_27.bin,1048576,replication,0.003959178924560547
1767342131.6336088,429,file_28.bin,1048576,replication,0.003995180130004883
1767342133.8112373,430,file_29.bin,1048576,replication,0.004990339279174805
1767342135.9968908,431,file_30.bin,1048576,replication,0.005987644195556641
1767342138.190134,432,file_31.bin,1048576,replication,0.0039653778076171875
1767342140.4305007,433,file_32.bin,1048576,replication,0.003991127014160156
1767342142.5988743,434,file_33.bin,1048576,replication,0.003965854644775391
1767342144.7886577,435,file_34.bin,1048576,replication,0.0039942264556884766
1767342146.9799392,436,file_35.bin,1048576,replication,0.003993511199951172
1767342149.1953974,437,file_36.bin,1048576,replication,0.005986928939819336
1767342151.4922009,438,file_37.bin,1048576,replication,0.0039942264556884766
1767342153.669106,439,file_38.bin,1048576,replication,0.0069887638092041016
1767342155.8604746,440,file_39.bin,1048576,replication,0.003960132598876953
1767342158.0506725,441,file_40.bin,1048576,replication,0.004087686538696289
1767342160.3043816,442,file_41.bin,1048576,replication,0.005048990249633789
1767342162.5143738,443,file_42.bin,1048576,replication,0.004076242446899414
1767342164.7828898,444,file_43.bin,1048576,replication,0.003993511199951172
1767342167.040995,445,file_44.bin,1048576,replication,0.003958463668823242
1767342169.30833,446,file_45.bin,1048576,replication,0.0039632320404052734
1767342171.467885,447,file_46.bin,1048576,replication,0.004119873046875
1767342173.7124236,448,file_47.bin,1048576,replication,0.0039920806884765625
1767342175.8721628,449,file_48.bin,1048576,replication,0.005403995513916016
1767342178.1272507,450,file_49.bin,1048576,replication,0.0049898624420166016
1767342180.4936087,451,file_50.bin,1048576,replication,0.010141849517822266
1767342182.9655254,452,file_51.bin,1048576,replication,0.003958702087402344
1767342185.1887386,453,file_52.bin,1048576,replication,0.02394390106201172
1767342187.4954069,454,file_53.bin,1048576,replication,0.004987001419067383
1767342189.7557054,455,file_54.bin,1048576,replication,0.007309913635253906
1767342191.9533944,456,file_55.bin,1048576,replication,0.004991292953491211
1767342194.20688,457,file_56.bin,1048576,replication,0.010184764862060547
1767342196.4575613,458,file_57.bin,1048576,replication,0.003961324691772461
1767342198.7422671,459,file_58.bin,1048576,replication,0.004982709884643555
1767342200.9715586,460,file_59.bin,1048576,replication,0.004126071929931641
1767342203.1468084,461,file_60.bin,1048576,replication,0.00399470329284668
1767342205.3211231,462,file_61.bin,1048576,replication,0.003995180130004883
1767342207.549729,463,file_62.bin,1048576,replication,0.004990339279174805
1767342209.750422,464,file_63.bin,1048576,replication,0.003994464874267578
1767342211.880135,465,file_64.bin,1048576,replication,0.003993034362792969
1767342214.0633445,466,file_65.bin,1048576,replication,0.0039675235748291016
1767342216.221544,467,file_66.bin,1048576,replication,0.0049932003021240234
1767342218.4987304,468,file_67.bin,1048576,replication,0.010975360870361328
1767342220.6717842,469,file_68.bin,1048576,replication,0.00496220588684082
1767342222.7924755,470,file_69.bin,1048576,replication,0.005131721496582031
1767342224.9469981,471,file_70.bin,1048576,replication,0.004992246627807617
1767342227.139723,472,file_71.bin,1048576,replication,0.003958463668823242
1767342229.3315997,473,file_72.bin,1048576,replication,0.003954887390136719
1767342231.505546,474,file_73.bin,1048576,replication,0.004122018814086914
1767342233.837825,475,file_74.bin,1048576,replication,0.004987955093383789
1767342236.0088933,476,file_75.bin,1048576,replication,0.003997325897216797
1767342238.1917834,477,file_76.bin,1048576,replication,0.0029668807983398438
1767342240.3476713,478,file_77.bin,1048576,replication,0.003960609436035156
1767342242.4990582,479,file_78.bin,1048576,replication,0.003958463668823242
1767342244.6682642,480,file_79.bin,1048576,replication,0.004092693328857422
1767342246.8874116,481,file_80.bin,1048576,replication,0.00395655632019043
1767342249.0394275,482,file_81.bin,1048576,replication,0.004990577697753906
1767342251.2143447,483,file_82.bin,1048576,replication,0.004410743713378906
1767342253.37025,484,file_83.bin,1048576,replication,0.003958225250244141
1767342255.5515046,485,file_84.bin,1048576,replication,0.004065990447998047
1767342257.7204216,486,file_85.bin,1048576,replication,0.0039920806884765625
1767342260.0145395,487,file_86.bin,1048576,replication,0.0049915313720703125
1767342262.1796615,488,file_87.bin,1048576,replication,0.006076812744140625
1767342264.381554,489,file_88.bin,1048576,replication,0.003993511199951172
1767342266.5210323,490,file_89.bin,1048576,replication,0.00396275520324707
1767342268.6834867,491,file_90.bin,1048576,replication,0.003991842269897461
1767342270.9155781,492,file_91.bin,1048576,replication,0.00893712043762207
1767342273.1135862,493,file_92.bin,1048576,replication,0.003992557525634766
1767342275.3057053,494,file_93.bin,1048576,replication,0.005082845687866211
1767342277.4521782,495,file_94.bin,1048576,replication,0.0040705204010009766
1767342279.606361,496,file_95.bin,1048576,replication,0.003997802734375
1767342281.8029695,497,file_96.bin,1048576,replication,0.004138469696044922
1767342283.9603484,498,file_97.bin,1048576,replication,0.006223201751708984
1767342286.1753418,499,file_98.bin,1048576,replication,0.004067659378051758
1767342288.3415444,500,file_99.bin,1048576,replication,0.004955768585205078
1767343102.2018905,501,file_0.bin,1048576,replication,0.028876781463623047
1767343104.4187567,502,file_1.bin,1048576,replication,0.010927200317382812
1767343106.689677,503,file_2.bin,1048576,replication,0.013965845108032227
1767343108.9364688,504,file_3.bin,1048576,replication,0.006119728088378906
1767343111.1413798,505,file_4.bin,1048576,replication,0.004967689514160156
1767343113.3321884,506,file_5.bin,1048576,replication,0.006979227066040039
1767343115.551765,507,file_6.bin,1048576,replication,0.008983373641967773
1767343117.734391,508,file_7.bin,1048576,replication,0.002995014190673828
1767343119.9542797,509,file_8.bin,1048576,replication,0.002992868423461914
1767343122.2018507,510,file_9.bin,1048576,replication,0.002964019775390625
1767343124.4052427,511,file_10.bin,1048576,replication,0.004081249237060547
1767343126.5745084,512,file_11.bin,1048576,replication,0.006979227066040039
1767343128.746777,513,file_12.bin,1048576,replication,0.002996206283569336
1767343130.9696376,514,file_13.bin,1048576,replication,0.0
1767343133.2377796,515,file_14.bin,1048576,replication,0.003991603851318359
1767343135.4196372,516,file_15.bin,1048576,replication,0.00797891616821289
1767343137.6298223,517,file_16.bin,1048576,replication,0.007167339324951172
1767343139.9687936,518,file_17.bin,1048576,replication,0.003994941711425781
1767343142.1833289,519,file_18.bin,1048576,replication,0.0049593448638916016
1767343554.740868,520,file_0.bin,1048576,replication,0.011937618255615234
1767343556.932708,521,file_1.bin,1048576,replication,0.01407480239868164
1767343559.113803,522,file_2.bin,1048576,replication,0.009984970092773438
1767343561.3017118,523,file_3.bin,1048576,replication,0.006986856460571289
1767343563.562787,524,file_4.bin,1048576,replication,0.003960371017456055
1767343565.8069394,525,file_5.bin,1048576,replication,0.007936954498291016
1767343567.9974003,526,file_6.bin,1048576,replication,0.003963947296142578
1767343570.215782,527,file_7.bin,1048576,replication,0.0029582977294921875
1767343572.512706,528,file_8.bin,1048576,replication,0.003993034362792969
1767343574.700261,529,file_9.bin,1048576,replication,0.0039904117584228516
1767343576.9290147,530,file_10.bin,1048576,replication,0.004040241241455078
1767343579.1075318,531,file_11.bin,1048576,replication,0.003961324691772461
1767343581.250634,532,file_12.bin,1048576,replication,0.003994941711425781
1767343583.4049838,533,file_13.bin,1048576,replication,0.004992485046386719
1767343585.5644126,534,file_14.bin,1048576,replication,0.0049893856048583984
1767343587.755668,535,file_15.bin,1048576,replication,0.004116535186767578
1767343589.9238496,536,file_16.bin,1048576,replication,0.004954814910888672
1767343592.084619,537,file_17.bin,1048576,replication,0.0040857791900634766
1767343594.2396595,538,file_18.bin,1048576,replication,0.004960536956787109
1767343596.5206606,539,file_19.bin,1048576,replication,0.008967161178588867
1767343598.631781,540,file_20.bin,1048576,replication,0.003995418548583984
1767343600.8691041,541,file_21.bin,1048576,replication,0.003996372222900391
1767343603.034837,542,file_22.bin,1048576,replication,0.003963470458984375
1767343605.1573174,543,file_23.bin,1048576,replication,0.004960060119628906
1767343607.3284883,544,file_24.bin,1048576,replication,0.003992319107055664
1767343609.4780765,545,file_25.bin,1048576,replication,0.0
1767343611.7242112,546,file_26.bin,1048576,replication,0.0039920806884765625
1767343613.9053469,547,file_27.bin,1048576,replication,0.003991603851318359
1767343616.1565254,548,file_28.bin,1048576,replication,0.0029973983764648438
1767343618.3631396,549,file_29.bin,1048576,replication,0.0049593448638916016
1767343620.5220754,550,file_30.bin,1048576,replication,0.0059854984283447266
1767343622.684588,551,file_31.bin,1048576,replication,0.003957986831665039
1767343624.8353539,552,file_32.bin,1048576,replication,0.0050792694091796875
1767343627.0164735,553,file_33.bin,1048576,replication,0.00400090217590332
1767343629.1764524,554,file_34.bin,1048576,replication,0.004990339279174805
1767343631.376903,555,file_35.bin,1048576,replication,0.004958391189575195
1767343633.5088933,556,file_36.bin,1048576,replication,0.004082202911376953
1767343635.6650758,557,file_37.bin,1048576,replication,0.003956794738769531
1767343637.9080203,558,file_38.bin,1048576,replication,0.002995729446411133
1767343640.0544431,559,file_39.bin,1048576,replication,0.004092693328857422
1767343642.2381222,560,file_40.bin,1048576,replication,0.0049555301666259766
1767343644.5148613,561,file_41.bin,1048576,replication,0.007932662963867188
1767343646.77627,562,file_42.bin,1048576,replication,0.009099006652832031
1767343649.0236533,563,file_43.bin,1048576,replication,0.004084110260009766
1767343651.2591631,564,file_44.bin,1048576,replication,0.004095792770385742
1767343653.397281,565,file_45.bin,1048576,replication,0.0029637813568115234
1767343655.6373596,566,file_46.bin,1048576,replication,0.007125377655029297
1767343657.8802454,567,file_47.bin,1048576,replication,0.003991365432739258
1767343660.1815217,568,file_48.bin,1048576,replication,0.003961801528930664
1767343662.4256902,569,file_49.bin,1048576,replication,0.004990100860595703
1767343664.6729076,570,file_50.bin,1048576,replication,0.008925676345825195
1767343666.929788,571,file_51.bin,1048576,replication,0.002962350845336914
1767343669.0914156,572,file_52.bin,1048576,replication,0.004990339279174805
1767343671.2259188,573,file_53.bin,1048576,replication,0.003991842269897461
1767343673.471171,574,file_54.bin,1048576,replication,0.0029964447021484375
1767343675.6337786,575,file_55.bin,1048576,replication,0.002996206283569336
1767343677.7573578,576,file_56.bin,1048576,replication,0.003993511199951172
1767343679.9270203,577,file_57.bin,1048576,replication,0.004993915557861328
1767343682.1421082,578,file_58.bin,1048576,replication,0.003991365432739258
1767343684.2773252,579,file_59.bin,1048576,replication,0.006983757019042969
1767343686.5311158,580,file_60.bin,1048576,replication,0.0029990673065185547
1767343688.7408006,581,file_61.bin,1048576,replication,0.0029633045196533203
1767343690.899277,582,file_62.bin,1048576,replication,0.0029935836791992188
1767343693.11194,583,file_63.bin,1048576,replication,0.0049893856048583984
1767343695.3108938,584,file_64.bin,1048576,replication,0.002962827682495117
1767343697.555282,585,file_65.bin,1048576,replication,0.005153179168701172
1767343699.7363553,586,file_66.bin,1048576,replication,0.003988981246948242
1767343701.9392467,587,file_67.bin,1048576,replication,0.002961397171020508
1767343704.2186565,588,file_68.bin,1048576,replication,0.0029649734497070312
1767343706.348203,589,file_69.bin,1048576,replication,0.0039594173431396484
1767343708.5915618,590,file_70.bin,1048576,replication,0.0030786991119384766
1767343710.7393885,591,file_71.bin,1048576,replication,0.008046865463256836
1767343712.894287,592,file_72.bin,1048576,replication,0.005991220474243164
1767343715.1925058,593,file_73.bin,1048576,replication,0.00498652458190918
1767343717.3654387,594,file_74.bin,1048576,replication,0.0029587745666503906
1767343719.563467,595,file_75.bin,1048576,replication,0.0039577484130859375
1767343721.7363467,596,file_76.bin,1048576,replication,0.003993034362792969
1767343723.9657867,597,file_77.bin,1048576,replication,0.0029523372650146484
1767343726.1779392,598,file_78.bin,1048576,replication,0.0029973983764648438
1767343728.3925934,599,file_79.bin,1048576,replication,0.004959583282470703
1767343730.5992727,600,file_80.bin,1048576,replication,0.003092527389526367
1767343732.74095,601,file_81.bin,1048576,replication,0.0029633045196533203
1767343734.907122,602,file_82.bin,1048576,replication,0.0019681453704833984
1767343737.0720117,603,file_83.bin,1048576,replication,0.002962827682495117
1767343739.276698,604,file_84.bin,1048576,replication,0.003962516784667969
1767343741.4436047,605,file_85.bin,1048576,replication,0.00395965576171875
1767343743.617691,606,file_86.bin,1048576,replication,0.002995014190673828
1767343745.8247073,607,file_87.bin,1048576,replication,0.005086421966552734
1767343747.9789886,608,file_88.bin,1048576,replication,0.0029935836791992188
1767343750.1747496,609,file_89.bin,1048576,replication,0.003960371017456055
1767343752.3675387,610,file_90.bin,1048576,replication,0.003961324691772461
1767343754.549858,611,file_91.bin,1048576,replication,0.003992319107055664
1767343756.7560122,612,file_92.bin,1048576,replication,0.003965616226196289
1767343758.9268422,613,file_93.bin,1048576,replication,0.0050907135009765625
1767343761.083287,614,file_94.bin,1048576,replication,0.003957509994506836
1767343763.2400215,615,file_95.bin,1048576,replication,0.002963542938232422
1767343765.4084675,616,file_96.bin,1048576,replication,0.008988380432128906
1767343767.6007578,617,file_97.bin,1048576,replication,0.00399327278137207
1767343769.7596269,618,file_98.bin,1048576,replication,0.0030596256256103516
1767343772.0413878,619,file_99.bin,1048576,replication,0.003956317901611328
1767344157.9161263,620,file_0.bin,1048576,replication,0.020376920700073242
1767344160.1182058,621,file_1.bin,1048576,replication,0.010939836502075195
1767344162.2996066,622,file_2.bin,1048576,replication,0.005986690521240234
1767344164.5447867,623,file_3.bin,1048576,replication,0.00396275520324707
1767344166.7813663,624,file_4.bin,1048576,replication,0.002962827682495117
1767344169.029879,625,file_5.bin,1048576,replication,0.003958940505981445
1767344171.320786,626,file_6.bin,1048576,replication,0.0059812068939208984
1767344173.5455134,627,file_7.bin,1048576,replication,0.003962278366088867
1767344175.6826022,628,file_8.bin,1048576,replication,0.006060123443603516
1767344177.9770212,629,file_9.bin,1048576,replication,0.00694727897644043
1767344180.2960105,630,file_10.bin,1048576,replication,0.0031309127807617188
1767344182.5619526,631,file_11.bin,1048576,replication,0.0029659271240234375
1767344184.7477417,632,file_12.bin,1048576,replication,0.004990577697753906
1767344187.0778625,633,file_13.bin,1048576,replication,0.0039522647857666016
1767344189.3447611,634,file_14.bin,1048576,replication,0.002964019775390625
1767344191.6072252,635,file_15.bin,1048576,replication,0.0029964447021484375
1767344194.2753568,636,file_16.bin,1048576,replication,0.0039899349212646484
1767344196.505384,637,file_17.bin,1048576,replication,0.003993988037109375
1767344198.731324,638,file_18.bin,1048576,replication,0.00403285026550293
1767344200.9770846,639,file_19.bin,1048576,replication,0.004990339279174805
1767344203.2407222,640,file_20.bin,1048576,replication,0.003964662551879883
1767344205.4255247,641,file_21.bin,1048576,replication,0.003994941711425781
1767344207.6821365,642,file_22.bin,1048576,replication,0.0050771236419677734
1767344209.8760636,643,file_23.bin,1048576,replication,0.003961324691772461
1767344212.1116347,644,file_24.bin,1048576,replication,0.004992246627807617
1767344214.3336465,645,file_25.bin,1048576,replication,0.003957271575927734
1767344216.5489242,646,file_26.bin,1048576,replication,0.00408935546875
1767344218.705747,647,file_27.bin,1048576,replication,0.008939743041992188
1767344220.9525754,648,file_28.bin,1048576,replication,0.003994941711425781
1767344223.1916718,649,file_29.bin,1048576,replication,0.004969358444213867
1767344225.5368814,650,file_30.bin,1048576,replication,0.003953456878662109
1767344227.7843058,651,file_31.bin,1048576,replication,0.003954410552978516
1767344230.056547,652,file_32.bin,1048576,replication,0.004065752029418945
1767344232.3135269,653,file_33.bin,1048576,replication,0.007976531982421875
1767344234.5823987,654,file_34.bin,1048576,replication,0.003989219665527344
1767344236.773435,655,file_35.bin,1048576,replication,0.004075288772583008
1767344239.0310404,656,file_36.bin,1048576,replication,0.007936239242553711
1767344241.3162737,657,file_37.bin,1048576,replication,0.009940147399902344
1767344243.5532184,658,file_38.bin,1048576,replication,0.002964496612548828
1767344245.8211281,659,file_39.bin,1048576,replication,0.003957509994506836
1767344247.9830787,660,file_40.bin,1048576,replication,0.0049591064453125
1767344250.1778991,661,file_41.bin,1048576,replication,0.00399327278137207
1767344252.3279328,662,file_42.bin,1048576,replication,0.003992795944213867
1767344254.5880783,663,file_43.bin,1048576,replication,0.0041162967681884766
1767344256.8455894,664,file_44.bin,1048576,replication,0.004990339279174805
1767344259.084894,665,file_45.bin,1048576,replication,0.003993511199951172
1767344261.3222554,666,file_46.bin,1048576,replication,0.00399327278137207
1767344263.594141,667,file_47.bin,1048576,replication,0.004964113235473633
1767344265.8406818,668,file_48.bin,1048576,replication,0.00395512580871582
1767344268.033849,669,file_49.bin,1048576,replication,0.004130125045776367
1767344270.2479017,670,file_50.bin,1048576,replication,0.007209062576293945
1767344272.598691,671,file_51.bin,1048576,replication,0.006112813949584961
1767344274.8358479,672,file_52.bin,1048576,replication,0.003995180130004883
1767344277.1151671,673,file_53.bin,1048576,replication,0.005034923553466797
1767344279.2692072,674,file_54.bin,1048576,replication,0.004122018814086914
1767344281.4479642,675,file_55.bin,1048576,replication,0.002995014190673828
1767344283.61152,676,file_56.bin,1048576,replication,0.005104541778564453
1767344285.7576957,677,file_57.bin,1048576,replication,0.004989147186279297
1767344287.92433,678,file_58.bin,1048576,replication,0.0039708614349365234
1767344290.065128,679,file_59.bin,1048576,replication,0.003961324691772461
1767344292.2537024,680,file_60.bin,1048576,replication,0.003956317901611328
1767344294.42736,681,file_61.bin,1048576,replication,0.0029942989349365234
1767344296.5608656,682,file_62.bin,1048576,replication,0.00399017333984375
1767344298.7543178,683,file_63.bin,1048576,replication,0.003971576690673828
1767344300.995404,684,file_64.bin,1048576,replication,0.0029637813568115234
1767344303.1728246,685,file_65.bin,1048576,replication,0.0029942989349365234
1767344305.3205364,686,file_66.bin,1048576,replication,0.003993034362792969
1767344307.4809518,687,file_67.bin,1048576,replication,0.004098415374755859
1767344309.6702766,688,file_68.bin,1048576,replication,0.005058765411376953
1767344311.8674233,689,file_69.bin,1048576,replication,0.006113290786743164
1767344314.1926467,690,file_70.bin,1048576,replication,0.006087779998779297
1767344316.4258773,691,file_71.bin,1048576,replication,0.0029938220977783203
1767344318.6037838,692,file_72.bin,1048576,replication,0.0039560794830322266
1767344320.8257024,693,file_73.bin,1048576,replication,0.0039598941802978516
1767344323.0070908,694,file_74.bin,1048576,replication,0.003954410552978516
1767344325.1691067,695,file_75.bin,1048576,replication,0.004988670349121094
1767344327.4234877,696,file_76.bin,1048576,replication,0.003962039947509766
1767344329.7823274,697,file_77.bin,1048576,replication,0.005943775177001953
1767344331.940535,698,file_78.bin,1048576,replication,0.0039653778076171875
1767344334.195343,699,file_79.bin,1048576,replication,0.003959178924560547
1767344336.3588529,700,file_80.bin,1048576,replication,0.004990100860595703
1767344338.616276,701,file_81.bin,1048576,replication,0.003960609436035156
1767344340.8659353,702,file_82.bin,1048576,replication,0.0029616355895996094
1767344343.136397,703,file_83.bin,1048576,replication,0.0029611587524414062
1767344345.3582177,704,file_84.bin,1048576,replication,0.0029938220977783203
1767344347.5085237,705,file_85.bin,1048576,replication,0.0049593448638916016
1767344349.6326027,706,file_86.bin,1048576,replication,0.00396275520324707
1767344351.8763525,707,file_87.bin,1048576,replication,0.00399017333984375
1767344354.1166198,708,file_88.bin,1048576,replication,0.0039598941802978516
1767344356.405088,709,file_89.bin,1048576,replication,0.005101442337036133
1767344358.681481,710,file_90.bin,1048576,replication,0.0039937496185302734
1767344360.9200037,711,file_91.bin,1048576,replication,0.003954410552978516
1767344363.1216314,712,file_92.bin,1048576,replication,0.003958463668823242
1767344365.2804685,713,file_93.bin,1048576,replication,0.0039598941802978516
1767344367.429086,714,file_94.bin,1048576,replication,0.003992795944213867
1767344369.5993924,715,file_95.bin,1048576,replication,0.003992557525634766
1767344371.7399867,716,file_96.bin,1048576,replication,0.002996683120727539
1767344373.907841,717,file_97.bin,1048576,replication,0.004987239837646484
1767344376.1134312,718,file_98.bin,1048576,replication,0.005068302154541016
1767344378.29824,719,file_99.bin,1048576,replication,0.005984783172607422
1767344601.2520223,720,file_0.bin,1048576,replication,0.022387981414794922
1767344603.508727,721,file_1.bin,1048576,replication,0.008943796157836914
1767344605.776867,722,file_2.bin,1048576,replication,0.0069501399993896484
1767344608.0248365,723,file_3.bin,1048576,replication,0.008191108703613281
1767344610.2936928,724,file_4.bin,1048576,replication,0.003994464874267578
1767344612.5337534,725,file_5.bin,1048576,replication,0.004989147186279297
1767344614.753691,726,file_6.bin,1048576,replication,0.004992008209228516
1767344616.926478,727,file_7.bin,1048576,replication,0.004986763000488281
1767344619.7392807,728,file_8.bin,1048576,replication,0.002994537353515625
1767344621.9315953,729,file_9.bin,1048576,replication,0.0030493736267089844
1767344624.299882,730,file_10.bin,1048576,replication,0.004988670349121094
1767344627.3167844,731,file_11.bin,1048576,replication,0.004206418991088867
1767344630.0115619,732,file_12.bin,1048576,replication,0.0029625892639160156
1767344632.2210686,733,file_13.bin,1048576,replication,0.003993511199951172
1767344634.4349072,734,file_14.bin,1048576,replication,0.007938146591186523
1767344636.5976803,735,file_15.bin,1048576,replication,0.002994537353515625
1767344638.7940981,736,file_16.bin,1048576,replication,0.0050585269927978516
1767344641.8945475,737,file_17.bin,1048576,replication,0.005983591079711914
1767344644.0597563,738,file_18.bin,1048576,replication,0.008976459503173828
1767344646.232197,739,file_19.bin,1048576,replication,0.0029914379119873047
1767344648.5773091,740,file_20.bin,1048576,replication,0.005074501037597656
1767344650.7465205,741,file_21.bin,1048576,replication,0.0039904117584228516
1767344652.9078972,742,file_22.bin,1048576,replication,0.002961874008178711
1767344655.1314752,743,file_23.bin,1048576,replication,0.002964496612548828
1767344657.3588061,744,file_24.bin,1048576,replication,0.0039632320404052734
1767344659.547396,745,file_25.bin,1048576,replication,0.002962827682495117
1767344661.7303712,746,file_26.bin,1048576,replication,0.003959178924560547
1767344664.1466866,747,file_27.bin,1048576,replication,0.004983663558959961
1767344666.5174105,748,file_28.bin,1048576,replication,0.005951642990112305
1767344668.7678666,749,file_29.bin,1048576,replication,0.005954742431640625
1767344670.959909,750,file_30.bin,1048576,replication,0.0030829906463623047
1767344673.1631565,751,file_31.bin,1048576,replication,0.003960847854614258
1767344675.3903842,752,file_32.bin,1048576,replication,0.005043983459472656
1767344677.590762,753,file_33.bin,1048576,replication,0.002965688705444336
1767344679.8466623,754,file_34.bin,1048576,replication,0.003957509994506836
1767344682.029898,755,file_35.bin,1048576,replication,0.003961801528930664
1767344684.2335138,756,file_36.bin,1048576,replication,0.002963542938232422
1767344686.3931475,757,file_37.bin,1048576,replication,0.003957271575927734
1767344688.593277,758,file_38.bin,1048576,replication,0.0029582977294921875
1767344690.7565644,759,file_39.bin,1048576,replication,0.004991292953491211
1767344693.0476632,760,file_40.bin,1048576,replication,0.00499272346496582
1767344695.2759156,761,file_41.bin,1048576,replication,0.007971048355102539
1767344697.4408708,762,file_42.bin,1048576,replication,0.005986452102661133
1767344699.5806594,763,file_43.bin,1048576,replication,0.003968954086303711
1767344701.7676744,764,file_44.bin,1048576,replication,0.0039517879486083984
1767344704.0420594,765,file_45.bin,1048576,replication,0.0029630661010742188
1767344706.2310057,766,file_46.bin,1048576,replication,0.002962827682495117
1767344708.4015331,767,file_47.bin,1048576,replication,0.003962516784667969
1767344710.6008413,768,file_48.bin,1048576,replication,0.0040853023529052734
1767344712.7908435,769,file_49.bin,1048576,replication,0.0029706954956054688
1767344714.9358022,770,file_50.bin,1048576,replication,0.0069811344146728516
1767344717.1061552,771,file_51.bin,1048576,replication,0.003960371017456055
1767344719.4816644,772,file_52.bin,1048576,replication,0.004082441329956055
1767344721.7406557,773,file_53.bin,1048576,replication,0.0041179656982421875
1767344724.1114538,774,file_54.bin,1048576,replication,0.005986928939819336
1767344726.2797916,775,file_55.bin,1048576,replication,0.0039637088775634766
1767344728.4494455,776,file_56.bin,1048576,replication,0.003962039947509766
1767344730.7336104,777,file_57.bin,1048576,replication,0.003959178924560547
1767344732.9126217,778,file_58.bin,1048576,replication,0.003958702087402344
1767344735.070984,779,file_59.bin,1048576,replication,0.003962278366088867
1767344737.2747908,780,file_60.bin,1048576,replication,0.0029947757720947266
1767344739.4947722,781,file_61.bin,1048576,replication,0.002993345260620117
1767344741.699805,782,file_62.bin,1048576,replication,0.004956960678100586
1767344743.869391,783,file_63.bin,1048576,replication,0.0039594173431396484
1767344746.1117008,784,file_64.bin,1048576,replication,0.002964019775390625
1767344748.283574,785,file_65.bin,1048576,replication,0.005952596664428711
1767344750.4514961,786,file_66.bin,1048576,replication,0.002994537353515625
1767344752.6478345,787,file_67.bin,1048576,replication,0.0049855709075927734
1767344754.938752,788,file_68.bin,1048576,replication,0.002991914749145508
1767344757.1730924,789,file_69.bin,1048576,replication,0.002961874008178711
1767344759.448207,790,file_70.bin,1048576,replication,0.0039904117584228516
1767344761.6176233,791,file_71.bin,1048576,replication,0.003992795944213867
1767344763.812767,792,file_72.bin,1048576,replication,0.004990577697753906
1767344765.9896152,793,file_73.bin,1048576,replication,0.0029668807983398438
1767344768.2321815,794,file_74.bin,1048576,replication,0.007933616638183594
1767344770.4025116,795,file_75.bin,1048576,replication,0.003949403762817383
1767344772.6381743,796,file_76.bin,1048576,replication,0.004954099655151367
1767344774.8192658,797,file_77.bin,1048576,replication,0.007071733474731445
1767344777.000324,798,file_78.bin,1048576,replication,0.009263038635253906
1767344779.1635454,799,file_79.bin,1048576,replication,0.0029969215393066406
1767344781.365248,800,file_80.bin,1048576,replication,0.004988431930541992
1767344783.5475242,801,file_81.bin,1048576,replication,0.003075122833251953
1767344785.7286074,802,file_82.bin,1048576,replication,0.004956722259521484
1767344787.8628187,803,file_83.bin,1048576,replication,0.003958940505981445
1767344790.0216541,804,file_84.bin,1048576,replication,0.003108501434326172
1767344792.1752307,805,file_85.bin,1048576,replication,0.003959178924560547
1767344794.3976622,806,file_86.bin,1048576,replication,0.0039598941802978516
1767344796.5458312,807,file_87.bin,1048576,replication,0.002966642379760742
1767344798.6739213,808,file_88.bin,1048576,replication,0.00407862663269043
1767344800.8674285,809,file_89.bin,1048576,replication,0.0029594898223876953
1767344803.0364985,810,file_90.bin,1048576,replication,0.00399327278137207
1767344805.2156582,811,file_91.bin,1048576,replication,0.003957986831665039
1767344807.3765059,812,file_92.bin,1048576,replication,0.003990888595581055
1767344809.5879495,813,file_93.bin,1048576,replication,0.003962993621826172
1767344811.8768706,814,file_94.bin,1048576,replication,0.0049610137939453125
1767344814.043597,815,file_95.bin,1048576,replication,0.003962039947509766
1767344816.2204914,816,file_96.bin,1048576,replication,0.0041103363037109375
1767344818.3830884,817,file_97.bin,1048576,replication,0.00794219970703125
1767344820.5517106,818,file_98.bin,1048576,replication,0.0029594898223876953
1767344822.7868147,819,file_99.bin,1048576,replication,0.00499272346496582
1767345133.133771,820,file_0.bin,1048576,replication,0.07814526557922363
1767345135.3865879,821,file_1.bin,1048576,replication,0.022943496704101562
1767345137.5514977,822,file_2.bin,1048576,replication,0.003958702087402344
1767345139.787081,823,file_3.bin,1048576,replication,0.007970333099365234
1767345142.103518,824,file_4.bin,1048576,replication,0.00610804557800293
1767345144.2812867,825,file_5.bin,1048576,replication,0.004956960678100586
1767345146.6790707,826,file_6.bin,1048576,replication,0.003983497619628906
1767345149.047442,827,file_7.bin,1048576,replication,0.00892949104309082
1767345151.5248795,828,file_8.bin,1048576,replication,0.003958940505981445
1767345153.9795666,829,file_9.bin,1048576,replication,0.004989147186279297
1767345156.7411258,830,file_10.bin,1048576,replication,0.002962350845336914
1767345159.153894,831,file_11.bin,1048576,replication,0.003960371017456055
1767345161.6484153,832,file_12.bin,1048576,replication,0.0039615631103515625
1767345164.1301653,833,file_13.bin,1048576,replication,0.008930444717407227
1767345166.4547787,834,file_14.bin,1048576,replication,0.00399470329284668
1767345168.997561,835,file_15.bin,1048576,replication,0.004068851470947266
1767345171.4620833,836,file_16.bin,1048576,replication,0.0049896240234375
1767345173.9888227,837,file_17.bin,1048576,replication,0.0039958953857421875
1767345176.3656492,838,file_18.bin,1048576,replication,0.00395965576171875
1767345178.7792053,839,file_19.bin,1048576,replication,0.0029914379119873047
1767345181.1055448,840,file_20.bin,1048576,replication,0.003992795944213867
1767345183.39814,841,file_21.bin,1048576,replication,0.008930683135986328
1767345185.9232213,842,file_22.bin,1048576,replication,0.003964900970458984
1767345188.2786443,843,file_23.bin,1048576,replication,0.0029954910278320312
1767345190.6781638,844,file_24.bin,1048576,replication,0.003957033157348633
1767345193.1274111,845,file_25.bin,1048576,replication,0.007980585098266602
1767345195.8456805,846,file_26.bin,1048576,replication,0.00793910026550293
1767345198.2332942,847,file_27.bin,1048576,replication,0.003108978271484375
1767345200.5581732,848,file_28.bin,1048576,replication,0.010081768035888672
1767345203.0307806,849,file_29.bin,1048576,replication,0.00395655632019043
1767345205.3029323,850,file_30.bin,1048576,replication,0.0039632320404052734
1767345207.8134427,851,file_31.bin,1048576,replication,0.0031294822692871094
1767345210.2706456,852,file_32.bin,1048576,replication,0.004956483840942383
1767345212.6964874,853,file_33.bin,1048576,replication,0.003991365432739258
1767345215.1549861,854,file_34.bin,1048576,replication,0.0050923824310302734
1767345217.7023776,855,file_35.bin,1048576,replication,0.003957033157348633
1767345220.0828001,856,file_36.bin,1048576,replication,0.008949756622314453
1767345222.5074213,857,file_37.bin,1048576,replication,0.0060846805572509766
1767345225.003539,858,file_38.bin,1048576,replication,0.00395655632019043
1767345227.4066455,859,file_39.bin,1048576,replication,0.003992557525634766
1767345229.6257432,860,file_40.bin,1048576,replication,0.003995180130004883
1767345231.973316,861,file_41.bin,1048576,replication,0.003962278366088867
1767345234.3587735,862,file_42.bin,1048576,replication,0.003962039947509766
1767345236.6953235,863,file_43.bin,1048576,replication,0.003993511199951172
1767345239.0839107,864,file_44.bin,1048576,replication,0.00495600700378418
1767345241.5855453,865,file_45.bin,1048576,replication,0.005989551544189453
1767345243.9518137,866,file_46.bin,1048576,replication,0.007977008819580078
1767345246.4109783,867,file_47.bin,1048576,replication,0.004955768585205078
1767345249.175551,868,file_48.bin,1048576,replication,0.002961874008178711
1767345251.7127454,869,file_49.bin,1048576,replication,0.004988431930541992
1767345254.0707262,870,file_50.bin,1048576,replication,0.009942054748535156
1767345256.5156896,871,file_51.bin,1048576,replication,0.003958940505981445
1767345258.996671,872,file_52.bin,1048576,replication,0.008981704711914062
1767345261.6350002,873,file_53.bin,1048576,replication,0.005986213684082031
1767345264.6733072,874,file_54.bin,1048576,replication,0.006982088088989258
1767345267.4457972,875,file_55.bin,1048576,replication,0.004988193511962891
1767345269.8607063,876,file_56.bin,1048576,replication,0.004987001419067383
1767345272.1713722,877,file_57.bin,1048576,replication,0.007950544357299805
1767345274.439425,878,file_58.bin,1048576,replication,0.015935897827148438
1767345276.832716,879,file_59.bin,1048576,replication,0.01097249984741211
1767345279.3425438,880,file_60.bin,1048576,replication,0.004987239837646484
1767345281.6426086,881,file_61.bin,1048576,replication,0.009082555770874023
1767345283.8809385,882,file_62.bin,1048576,replication,0.0039675235748291016
1767345286.488891,883,file_63.bin,1048576,replication,0.004990816116333008
1767345288.8647368,884,file_64.bin,1048576,replication,0.003991842269897461
1767345291.1389754,885,file_65.bin,1048576,replication,0.0029942989349365234
1767345293.6370263,886,file_66.bin,1048576,replication,0.008929729461669922
1767345296.0814724,887,file_67.bin,1048576,replication,0.004142284393310547
1767345298.5160494,888,file_68.bin,1048576,replication,0.010310649871826172
1767345300.9978836,889,file_69.bin,1048576,replication,0.003992557525634766
1767345303.523268,890,file_70.bin,1048576,replication,0.009973764419555664
1767345306.0941668,891,file_71.bin,1048576,replication,0.01092386245727539
1767345308.4546552,892,file_72.bin,1048576,replication,0.0050885677337646484
1767345310.9342873,893,file_73.bin,1048576,replication,0.00498652458190918
1767345313.3504548,894,file_74.bin,1048576,replication,0.006963253021240234
1767345315.9757001,895,file_75.bin,1048576,replication,0.003959178924560547
1767345318.621344,896,file_76.bin,1048576,replication,0.0060498714447021484
1767345321.0590527,897,file_77.bin,1048576,replication,0.006934642791748047
1767345323.573045,898,file_78.bin,1048576,replication,0.003962278366088867
1767345326.309118,899,file_79.bin,1048576,replication,0.003071308135986328
1767345328.8733528,900,file_80.bin,1048576,replication,0.003989219665527344
1767345331.6315928,901,file_81.bin,1048576,replication,0.004095315933227539
1767345334.2316148,902,file_82.bin,1048576,replication,0.003991127014160156
1767345337.2410681,903,file_83.bin,1048576,replication,0.003958225250244141
1767345339.7901754,904,file_84.bin,1048576,replication,0.006953001022338867
1767345342.5902553,905,file_85.bin,1048576,replication,0.0039942264556884766
1767345344.9542754,906,file_86.bin,1048576,replication,0.008948326110839844
1767345347.2097335,907,file_87.bin,1048576,replication,0.002959728240966797
1767345349.5025802,908,file_88.bin,1048576,replication,0.004987955093383789
1767345351.7148807,909,file_89.bin,1048576,replication,0.00798344612121582
1767345354.002495,910,file_90.bin,1048576,replication,0.004990100860595703
1767345356.263734,911,file_91.bin,1048576,replication,0.004991769790649414
1767345358.5439668,912,file_92.bin,1048576,replication,0.006983041763305664
1767345360.8177044,913,file_93.bin,1048576,replication,0.007470130920410156
1767345363.0613847,914,file_94.bin,1048576,replication,0.005982875823974609
1767345365.7553113,915,file_95.bin,1048576,replication,0.006983280181884766
1767345368.4339404,916,file_96.bin,1048576,replication,0.0039556026458740234
1767345370.9565532,917,file_97.bin,1048576,replication,0.00499272346496582
1767345373.223416,918,file_98.bin,1048576,replication,0.0049893856048583984
1767345375.4350817,919,file_99.bin,1048576,replication,0.007980585098266602
1767345498.8855505,920,file_0.bin,1048576,replication,0.08711862564086914
1767345501.0535357,921,file_1.bin,1048576,replication,0.008941650390625
1767345503.2118452,922,file_2.bin,1048576,replication,0.0029609203338623047
1767345505.606953,923,file_3.bin,1048576,replication,0.003990650177001953
1767345508.2657309,924,file_4.bin,1048576,replication,0.0020411014556884766
1767345510.4708421,925,file_5.bin,1048576,replication,0.0039577484130859375
1767345512.6522226,926,file_6.bin,1048576,replication,0.004955291748046875
1767345514.8654058,927,file_7.bin,1048576,replication,0.004988193511962891
1767345517.041967,928,file_8.bin,1048576,replication,0.004984140396118164
1767345519.2444243,929,file_9.bin,1048576,replication,0.003991603851318359
1767345521.3691194,930,file_10.bin,1048576,replication,0.003991603851318359
1767345523.6241345,931,file_11.bin,1048576,replication,0.0039594173431396484
1767345525.9167802,932,file_12.bin,1048576,replication,0.003991603851318359
1767345528.135159,933,file_13.bin,1048576,replication,0.00396418571472168
1767345530.284779,934,file_14.bin,1048576,replication,0.003992795944213867
1767345532.453676,935,file_15.bin,1048576,replication,0.0039691925048828125
1767345534.6554365,936,file_16.bin,1048576,replication,0.004988431930541992
1767345536.8088412,937,file_17.bin,1048576,replication,0.006979942321777344
1767345539.0916874,938,file_18.bin,1048576,replication,0.007933855056762695
1767345541.2737691,939,file_19.bin,1048576,replication,0.003960847854614258
1767345543.4377317,940,file_20.bin,1048576,replication,0.0039861202239990234
1767345545.6152077,941,file_21.bin,1048576,replication,0.0059528350830078125
1767345547.7910452,942,file_22.bin,1048576,replication,0.003995418548583984
1767345549.9695902,943,file_23.bin,1048576,replication,0.003994464874267578
1767345552.1600063,944,file_24.bin,1048576,replication,0.0039904117584228516
1767345554.522716,945,file_25.bin,1048576,replication,0.003996133804321289
1767345556.6631417,946,file_26.bin,1048576,replication,0.0039942264556884766
1767345558.822047,947,file_27.bin,1048576,replication,0.002960205078125
1767345560.9941604,948,file_28.bin,1048576,replication,0.002962827682495117
1767345563.2055075,949,file_29.bin,1048576,replication,0.0036721229553222656
1767345565.352506,950,file_30.bin,1048576,replication,0.005983591079711914
1767345567.53276,951,file_31.bin,1048576,replication,0.003962516784667969
1767345569.688996,952,file_32.bin,1048576,replication,0.0029573440551757812
1767345571.8514905,953,file_33.bin,1048576,replication,0.0031499862670898438
1767345574.0289285,954,file_34.bin,1048576,replication,0.0049512386322021484
1767345576.1976805,955,file_35.bin,1048576,replication,0.003962278366088867
1767345578.3951693,956,file_36.bin,1048576,replication,0.0059888362884521484
1767345580.571883,957,file_37.bin,1048576,replication,0.004990577697753906
1767345582.9870665,958,file_38.bin,1048576,replication,0.0059850215911865234
1767345585.1414106,959,file_39.bin,1048576,replication,0.014960765838623047
1767345587.3119771,960,file_40.bin,1048576,replication,0.003992795944213867
1767345589.8516653,961,file_41.bin,1048576,replication,0.0
1767345592.038496,962,file_42.bin,1048576,replication,0.003990888595581055
1767345594.311939,963,file_43.bin,1048576,replication,0.003992795944213867
1767345596.509363,964,file_44.bin,1048576,replication,0.003955841064453125
1767345598.8031778,965,file_45.bin,1048576,replication,0.0
1767345601.0234234,966,file_46.bin,1048576,replication,0.0029757022857666016
1767345603.1928763,967,file_47.bin,1048576,replication,0.007157087326049805
1767345605.3927724,968,file_48.bin,1048576,replication,0.007976531982421875
1767345607.5441308,969,file_49.bin,1048576,replication,0.00399017333984375
1767345609.7551243,970,file_50.bin,1048576,replication,0.010960578918457031
1767345611.9297132,971,file_51.bin,1048576,replication,0.0049877166748046875
1767345614.161443,972,file_52.bin,1048576,replication,0.003961801528930664
1767345616.323859,973,file_53.bin,1048576,replication,0.004988670349121094
1767345618.5026345,974,file_54.bin,1048576,replication,0.0039632320404052734
1767345620.7600996,975,file_55.bin,1048576,replication,0.003973245620727539
1767345622.911134,976,file_56.bin,1048576,replication,0.005986690521240234
1767345625.1219423,977,file_57.bin,1048576,replication,0.003955364227294922
1767345627.2887778,978,file_58.bin,1048576,replication,0.0029938220977783203
1767345629.473805,979,file_59.bin,1048576,replication,0.0029935836791992188
1767345631.6232672,980,file_60.bin,1048576,replication,0.004987478256225586
1767345633.7593987,981,file_61.bin,1048576,replication,0.003991365432739258
1767345635.941351,982,file_62.bin,1048576,replication,0.003957986831665039
1767345638.1130474,983,file_63.bin,1048576,replication,0.003995180130004883
1767345640.3579924,984,file_64.bin,1048576,replication,0.0039937496185302734
1767345642.5698574,985,file_65.bin,1048576,replication,0.004987955093383789
1767345644.7444196,986,file_66.bin,1048576,replication,0.004108905792236328
1767345646.8894665,987,file_67.bin,1048576,replication,0.004956722259521484
1767345649.0458405,988,file_68.bin,1048576,replication,0.004954814910888672
1767345651.359854,989,file_69.bin,1048576,replication,0.003988742828369141
1767345653.961607,990,file_70.bin,1048576,replication,0.007004261016845703
1767345656.275417,991,file_71.bin,1048576,replication,0.005956172943115234
1767345658.460086,992,file_72.bin,1048576,replication,0.007930755615234375
1767345660.637762,993,file_73.bin,1048576,replication,0.0030868053436279297
1767345662.8197114,994,file_74.bin,1048576,replication,0.004956245422363281
1767345664.9574246,995,file_75.bin,1048576,replication,0.004992008209228516
1767345667.1802993,996,file_76.bin,1048576,replication,0.00498652458190918
1767345669.3695614,997,file_77.bin,1048576,replication,0.003992795944213867
1767345671.592473,998,file_78.bin,1048576,replication,0.00698089599609375
1767345673.752521,999,file_79.bin,1048576,replication,0.003957033157348633
1767345675.9433227,1000,file_80.bin,1048576,replication,0.003995180130004883
1767345678.1802776,1001,file_81.bin,1048576,replication,0.007933855056762695
1767345680.3501654,1002,file_82.bin,1048576,replication,0.003961324691772461
1767345682.5817068,1003,file_83.bin,1048576,replication,0.004987239837646484
1767345684.7470975,1004,file_84.bin,1048576,replication,0.004954338073730469
1767345686.9831114,1005,file_85.bin,1048576,replication,0.003990888595581055
1767345689.1628344,1006,file_86.bin,1048576,replication,0.012969255447387695
1767345691.3435621,1007,file_87.bin,1048576,replication,0.004984140396118164
1767345693.5493176,1008,file_88.bin,1048576,replication,0.00399327278137207
1767345695.7605941,1009,file_89.bin,1048576,replication,0.004989147186279297
1767345697.938862,1010,file_90.bin,1048576,replication,0.003991842269897461
1767345700.094997,1011,file_91.bin,1048576,replication,0.004988431930541992
1767345702.254112,1012,file_92.bin,1048576,replication,0.004957675933837891
1767345704.533731,1013,file_93.bin,1048576,replication,0.004952192306518555
1767345706.8576405,1014,file_94.bin,1048576,replication,0.007955074310302734
1767345709.0679936,1015,file_95.bin,1048576,replication,0.003959178924560547
1767345711.2483742,1016,file_96.bin,1048576,replication,0.0069811344146728516
1767345713.5377617,1017,file_97.bin,1048576,replication,0.003993034362792969
1767345715.7071764,1018,file_98.bin,1048576,replication,0.003961801528930664
1767345717.900008,1019,file_99.bin,1048576,replication,0.00399327278137207
1767345810.0081284,1020,file_0.bin,1048576,replication,0.020944833755493164
1767345812.2366023,1021,file_1.bin,1048576,replication,0.008946657180786133
1767345814.3960383,1022,file_2.bin,1048576,replication,0.0039942264556884766
1767345816.5363042,1023,file_3.bin,1048576,replication,0.005048990249633789
1767345818.7040315,1024,file_4.bin,1048576,replication,0.005052328109741211
1767345820.9049234,1025,file_5.bin,1048576,replication,0.0039920806884765625
1767345823.118481,1026,file_6.bin,1048576,replication,0.0059528350830078125
1767345825.2793918,1027,file_7.bin,1048576,replication,0.010025739669799805
1767345827.6854675,1028,file_8.bin,1048576,replication,0.0049915313720703125
1767345829.856802,1029,file_9.bin,1048576,replication,0.003990888595581055
1767345832.0529833,1030,file_10.bin,1048576,replication,0.003988981246948242
1767345834.2649283,1031,file_11.bin,1048576,replication,0.003990650177001953
1767345836.4372559,1032,file_12.bin,1048576,replication,0.0059871673583984375
1767345838.6177664,1033,file_13.bin,1048576,replication,0.006983518600463867
1767345840.7965934,1034,file_14.bin,1048576,replication,0.009978294372558594
1767345842.973543,1035,file_15.bin,1048576,replication,0.0039598941802978516
1767345845.1341364,1036,file_16.bin,1048576,replication,0.00798487663269043
1767345847.306633,1037,file_17.bin,1048576,replication,0.005985736846923828
1767345849.5577335,1038,file_18.bin,1048576,replication,0.0049571990966796875
1767345851.794827,1039,file_19.bin,1048576,replication,0.0039632320404052734
1767345853.9287195,1040,file_20.bin,1048576,replication,0.003995180130004883
1767345856.3141704,1041,file_21.bin,1048576,replication,0.0061244964599609375
1767345858.465249,1042,file_22.bin,1048576,replication,0.0049588680267333984
1767345860.6768806,1043,file_23.bin,1048576,replication,0.005956411361694336
1767345862.8394287,1044,file_24.bin,1048576,replication,0.004957437515258789
1767345865.052498,1045,file_25.bin,1048576,replication,0.003960847854614258
1767345867.2087703,1046,file_26.bin,1048576,replication,0.004032135009765625
1767345869.5970469,1047,file_27.bin,1048576,replication,0.017412662506103516
1767345871.7444935,1048,file_28.bin,1048576,replication,0.0029609203338623047
1767345873.9002876,1049,file_29.bin,1048576,replication,0.002965688705444336
1767345876.096452,1050,file_30.bin,1048576,replication,0.003960371017456055
1767345878.2857375,1051,file_31.bin,1048576,replication,0.004957914352416992
1767345880.7403388,1052,file_32.bin,1048576,replication,0.004077911376953125
1767345882.9278321,1053,file_33.bin,1048576,replication,0.003958702087402344
1767345885.1456974,1054,file_34.bin,1048576,replication,0.0039937496185302734
1767345887.3408103,1055,file_35.bin,1048576,replication,0.0040400028228759766
1767345889.4914956,1056,file_36.bin,1048576,replication,0.0040590763092041016
1767345891.6791456,1057,file_37.bin,1048576,replication,0.00395965576171875
1767345893.8448038,1058,file_38.bin,1048576,replication,0.0049898624420166016
1767345896.000246,1059,file_39.bin,1048576,replication,0.00405573844909668
1767345898.1840062,1060,file_40.bin,1048576,replication,0.0049822330474853516
1767345900.4574647,1061,file_41.bin,1048576,replication,0.007927179336547852
1767345902.659464,1062,file_42.bin,1048576,replication,0.003992319107055664
1767345904.908889,1063,file_43.bin,1048576,replication,0.003990888595581055
1767345907.1933753,1064,file_44.bin,1048576,replication,0.002959012985229492
1767345909.3821943,1065,file_45.bin,1048576,replication,0.006983518600463867
1767345911.560182,1066,file_46.bin,1048576,replication,0.003989696502685547
1767345913.7148354,1067,file_47.bin,1048576,replication,0.0049936771392822266
1767345916.04592,1068,file_48.bin,1048576,replication,0.0049893856048583984
1767345918.2456644,1069,file_49.bin,1048576,replication,0.010064125061035156
1767345920.424628,1070,file_50.bin,1048576,replication,0.0039937496185302734
1767345922.5951538,1071,file_51.bin,1048576,replication,0.006091594696044922
1767345924.8028252,1072,file_52.bin,1048576,replication,0.009948968887329102
1767345926.9753754,1073,file_53.bin,1048576,replication,0.008972883224487305
1767345929.1788464,1074,file_54.bin,1048576,replication,0.006984233856201172
1767345931.3650906,1075,file_55.bin,1048576,replication,0.002992391586303711
1767345933.5565875,1076,file_56.bin,1048576,replication,0.004985332489013672
1767345935.7391624,1077,file_57.bin,1048576,replication,0.009967803955078125
1767345937.8987896,1078,file_58.bin,1048576,replication,0.011981725692749023
1767345940.0962727,1079,file_59.bin,1048576,replication,0.003961324691772461
1767345942.2844903,1080,file_60.bin,1048576,replication,0.003992795944213867
1767345944.5761247,1081,file_61.bin,1048576,replication,0.0049571990966796875
1767345946.7599604,1082,file_62.bin,1048576,replication,0.003958225250244141
1767345948.953295,1083,file_63.bin,1048576,replication,0.0039899349212646484
1767345951.1684887,1084,file_64.bin,1048576,replication,0.0029637813568115234
1767345953.2936878,1085,file_65.bin,1048576,replication,0.00495600700378418
1767345955.4813495,1086,file_66.bin,1048576,replication,0.003989696502685547
1767345957.6439242,1087,file_67.bin,1048576,replication,0.005958080291748047
1767345959.803091,1088,file_68.bin,1048576,replication,0.004989147186279297
1767345961.9745035,1089,file_69.bin,1048576,replication,0.003990650177001953
1767345964.2627916,1090,file_70.bin,1048576,replication,0.004990100860595703
1767345966.4353602,1091,file_71.bin,1048576,replication,0.004955768585205078
1767345968.6485314,1092,file_72.bin,1048576,replication,0.0039920806884765625
1767345970.8145878,1093,file_73.bin,1048576,replication,0.003990650177001953
1767345973.0251114,1094,file_74.bin,1048576,replication,0.003994464874267578
1767345975.1813838,1095,file_75.bin,1048576,replication,0.0039556026458740234
1767345977.428676,1096,file_76.bin,1048576,replication,0.003952741622924805
1767345979.6085384,1097,file_77.bin,1048576,replication,0.003960609436035156
1767345981.769545,1098,file_78.bin,1048576,replication,0.003958702087402344
1767345983.9319448,1099,file_79.bin,1048576,replication,0.004088401794433594
1767345986.104639,1100,file_80.bin,1048576,replication,0.003957271575927734
1767345988.3170893,1101,file_81.bin,1048576,replication,0.0049588680267333984
1767345990.4638083,1102,file_82.bin,1048576,replication,0.003063678741455078
1767345992.6469803,1103,file_83.bin,1048576,replication,0.002954721450805664
1767345994.8001301,1104,file_84.bin,1048576,replication,0.003961086273193359
1767345996.985313,1105,file_85.bin,1048576,replication,0.0059850215911865234
1767345999.1415355,1106,file_86.bin,1048576,replication,0.0029633045196533203
1767346001.3546245,1107,file_87.bin,1048576,replication,0.00406646728515625
1767346003.498229,1108,file_88.bin,1048576,replication,0.003961324691772461
1767346005.7026768,1109,file_89.bin,1048576,replication,0.007075071334838867
1767346007.8840382,1110,file_90.bin,1048576,replication,0.003957986831665039
1767346010.0268743,1111,file_91.bin,1048576,replication,0.003995418548583984
1767346012.1507933,1112,file_92.bin,1048576,replication,0.0039899349212646484
1767346014.2941182,1113,file_93.bin,1048576,replication,0.003957509994506836
1767346016.5147116,1114,file_94.bin,1048576,replication,0.003960371017456055
1767346018.714116,1115,file_95.bin,1048576,replication,0.004086971282958984
1767346020.9396532,1116,file_96.bin,1048576,replication,0.003961086273193359
1767346023.0913436,1117,file_97.bin,1048576,replication,0.003957986831665039
1767346025.2536604,1118,file_98.bin,1048576,replication,0.00408482551574707
1767346027.3969257,1119,file_99.bin,1048576,replication,0.003958940505981445
1767346386.3420172,1120,file_0.bin,1048576,replication,0.13912653923034668
1767346388.536636,1121,file_1.bin,1048576,replication,0.008975982666015625
1767346390.8451004,1122,file_2.bin,1048576,replication,0.00797891616821289
1767346393.0901368,1123,file_3.bin,1048576,replication,0.002959728240966797
1767346395.2704744,1124,file_4.bin,1048576,replication,0.0049800872802734375
1767346397.4668727,1125,file_5.bin,1048576,replication,0.0049896240234375
1767346399.6986616,1126,file_6.bin,1048576,replication,0.003957509994506836
1767346401.8812459,1127,file_7.bin,1048576,replication,0.004988670349121094
1767346404.0358312,1128,file_8.bin,1048576,replication,0.0059850215911865234
1767346407.0780904,1129,file_9.bin,1048576,replication,0.007978677749633789
1767346409.3268557,1130,file_10.bin,1048576,replication,0.003989458084106445
1767346411.4943254,1131,file_11.bin,1048576,replication,0.004991769790649414
1767346413.7611244,1132,file_12.bin,1048576,replication,0.004040241241455078
1767346415.967993,1133,file_13.bin,1048576,replication,0.00794219970703125
1767346418.137222,1134,file_14.bin,1048576,replication,0.0029609203338623047
1767346420.3022103,1135,file_15.bin,1048576,replication,0.0039920806884765625
1767346422.4671383,1136,file_16.bin,1048576,replication,0.003960132598876953
1767346424.6113284,1137,file_17.bin,1048576,replication,0.004942178726196289
1767346426.7559001,1138,file_18.bin,1048576,replication,0.003330230712890625
1767346428.8989725,1139,file_19.bin,1048576,replication,0.0031135082244873047
1767346431.0355012,1140,file_20.bin,1048576,replication,0.003960371017456055
1767346433.2179132,1141,file_21.bin,1048576,replication,0.003959178924560547
1767346435.3868053,1142,file_22.bin,1048576,replication,0.0039594173431396484
1767346437.555367,1143,file_23.bin,1048576,replication,0.004961729049682617
1767346439.7107646,1144,file_24.bin,1048576,replication,0.003956794738769531
1767346441.8568733,1145,file_25.bin,1048576,replication,0.00399017333984375
1767346444.067481,1146,file_26.bin,1048576,replication,0.003957986831665039
1767346446.1949627,1147,file_27.bin,1048576,replication,0.0029633045196533203
1767346448.384488,1148,file_28.bin,1048576,replication,0.0049571990966796875
1767346450.5565677,1149,file_29.bin,1048576,replication,0.002961397171020508
1767346452.734636,1150,file_30.bin,1048576,replication,0.004988193511962891
1767346454.8697028,1151,file_31.bin,1048576,replication,0.006953001022338867
1767346457.0928853,1152,file_32.bin,1048576,replication,0.0030982494354248047
1767346459.2975788,1153,file_33.bin,1048576,replication,0.0039577484130859375
1767346461.454873,1154,file_34.bin,1048576,replication,0.017954349517822266
1767346463.689781,1155,file_35.bin,1048576,replication,0.0030832290649414062
1767346466.967262,1156,file_36.bin,1048576,replication,0.003945589065551758
1767346469.1580076,1157,file_37.bin,1048576,replication,0.003993511199951172
1767346471.3568883,1158,file_38.bin,1048576,replication,0.004075527191162109
1767346473.6355386,1159,file_39.bin,1048576,replication,0.003991127014160156
1767346475.870572,1160,file_40.bin,1048576,replication,0.003957033157348633
1767346478.0373104,1161,file_41.bin,1048576,replication,0.00399327278137207
1767346480.543503,1162,file_42.bin,1048576,replication,0.0039675235748291016
1767346482.7341053,1163,file_43.bin,1048576,replication,0.0069582462310791016
1767346484.8946574,1164,file_44.bin,1048576,replication,0.0029594898223876953
1767346487.0742118,1165,file_45.bin,1048576,replication,0.006067037582397461
1767346489.379513,1166,file_46.bin,1048576,replication,0.0039598941802978516
1767346491.5506625,1167,file_47.bin,1048576,replication,0.003957271575927734
1767346493.7332168,1168,file_48.bin,1048576,replication,0.0029659271240234375
1767346495.8612263,1169,file_49.bin,1048576,replication,0.004135608673095703
1767346498.0895169,1170,file_50.bin,1048576,replication,0.003992795944213867
1767346500.2156365,1171,file_51.bin,1048576,replication,0.005954265594482422
1767346502.3639238,1172,file_52.bin,1048576,replication,0.004119873046875
1767346504.6551964,1173,file_53.bin,1048576,replication,0.003989696502685547
1767346506.8006697,1174,file_54.bin,1048576,replication,0.003992319107055664
1767346508.9752133,1175,file_55.bin,1048576,replication,0.0050733089447021484
1767346511.1584122,1176,file_56.bin,1048576,replication,0.003957033157348633
1767346513.3187764,1177,file_57.bin,1048576,replication,0.005087614059448242
1767346515.5259004,1178,file_58.bin,1048576,replication,0.005951642990112305
1767346517.6719291,1179,file_59.bin,1048576,replication,0.0029609203338623047
1767346519.9351635,1180,file_60.bin,1048576,replication,0.0039594173431396484
1767346522.091799,1181,file_61.bin,1048576,replication,0.007074832916259766
1767346524.2630596,1182,file_62.bin,1048576,replication,0.0049893856048583984
1767346526.438166,1183,file_63.bin,1048576,replication,0.00413060188293457
1767346528.6072218,1184,file_64.bin,1048576,replication,0.004058361053466797
1767346530.7593262,1185,file_65.bin,1048576,replication,0.003968477249145508
1767346532.9492037,1186,file_66.bin,1048576,replication,0.0069811344146728516
1767346535.374083,1187,file_67.bin,1048576,replication,0.00395655632019043
1767346537.4948525,1188,file_68.bin,1048576,replication,0.003962278366088867
1767346539.6765065,1189,file_69.bin,1048576,replication,0.0029625892639160156
1767346541.8503845,1190,file_70.bin,1048576,replication,0.003136873245239258
1767346544.0393765,1191,file_71.bin,1048576,replication,0.003990888595581055
1767346546.373563,1192,file_72.bin,1048576,replication,0.004956245422363281
1767346548.5532317,1193,file_73.bin,1048576,replication,0.003991842269897461
1767346550.6880713,1194,file_74.bin,1048576,replication,0.0029926300048828125
1767346552.8630793,1195,file_75.bin,1048576,replication,0.005988121032714844
1767346555.1231084,1196,file_76.bin,1048576,replication,0.003955364227294922
1767346557.3031693,1197,file_77.bin,1048576,replication,0.0039577484130859375
1767346559.453899,1198,file_78.bin,1048576,replication,0.003993511199951172
1767346561.646853,1199,file_79.bin,1048576,replication,0.0049898624420166016
1767346563.7989774,1200,file_80.bin,1048576,replication,0.003991365432739258
1767346566.0578966,1201,file_81.bin,1048576,replication,0.005953788757324219
1767346568.3703346,1202,file_82.bin,1048576,replication,0.004957675933837891
1767346570.6349132,1203,file_83.bin,1048576,replication,0.003994464874267578
1767346572.9158049,1204,file_84.bin,1048576,replication,0.004988431930541992
1767346575.3647885,1205,file_85.bin,1048576,replication,0.0030975341796875
1767346577.5614398,1206,file_86.bin,1048576,replication,0.003958463668823242
1767346579.6966796,1207,file_87.bin,1048576,replication,0.005988121032714844
1767346581.8853734,1208,file_88.bin,1048576,replication,0.002997875213623047
1767346584.0547805,1209,file_89.bin,1048576,replication,0.00399017333984375
1767346586.324056,1210,file_90.bin,1048576,replication,0.011975288391113281
1767346588.5125852,1211,file_91.bin,1048576,replication,0.003992319107055664
1767346590.6602159,1212,file_92.bin,1048576,replication,0.003962516784667969
1767346592.8007386,1213,file_93.bin,1048576,replication,0.004111528396606445
1767346594.9949317,1214,file_94.bin,1048576,replication,0.004052877426147461
1767346597.1518884,1215,file_95.bin,1048576,replication,0.003994464874267578
1767346599.313681,1216,file_96.bin,1048576,replication,0.002965211868286133
1767346601.48364,1217,file_97.bin,1048576,replication,0.0039937496185302734
1767346603.6337771,1218,file_98.bin,1048576,replication,0.0039937496185302734
1767346605.8061972,1219,file_99.bin,1048576,replication,0.004074573516845703
1767346703.543403,1220,file_0.bin,1048576,replication,0.013964653015136719
1767346705.7601793,1221,file_1.bin,1048576,replication,0.006989002227783203
1767346707.9494705,1222,file_2.bin,1048576,replication,0.0031347274780273438
1767346710.1061435,1223,file_3.bin,1048576,replication,0.004956245422363281
1767346712.2814734,1224,file_4.bin,1048576,replication,0.004990339279174805
1767346714.4350107,1225,file_5.bin,1048576,replication,0.004992246627807617
1767346716.5884764,1226,file_6.bin,1048576,replication,0.0039598941802978516
1767346718.7667217,1227,file_7.bin,1048576,replication,0.004988908767700195
1767346720.9297838,1228,file_8.bin,1048576,replication,0.005112171173095703
1767346723.1585586,1229,file_9.bin,1048576,replication,0.003955841064453125
1767346725.327526,1230,file_10.bin,1048576,replication,0.003957271575927734
1767346727.502178,1231,file_11.bin,1048576,replication,0.004991769790649414
1767346729.6720967,1232,file_12.bin,1048576,replication,0.003958702087402344
1767346731.8811498,1233,file_13.bin,1048576,replication,0.010155916213989258
1767346734.0709717,1234,file_14.bin,1048576,replication,0.003990650177001953
1767346736.2987785,1235,file_15.bin,1048576,replication,0.005078315734863281
1767346738.4564102,1236,file_16.bin,1048576,replication,0.0039899349212646484
1767346740.682979,1237,file_17.bin,1048576,replication,0.0049512386322021484
1767346742.8497374,1238,file_18.bin,1048576,replication,0.0049896240234375
1767346745.040828,1239,file_19.bin,1048576,replication,0.0049855709075927734
1767346747.253587,1240,file_20.bin,1048576,replication,0.007933616638183594
1767346749.4565573,1241,file_21.bin,1048576,replication,0.003959178924560547
1767346751.7521021,1242,file_22.bin,1048576,replication,0.004960298538208008
1767346753.9270968,1243,file_23.bin,1048576,replication,0.00595402717590332
1767346756.1365511,1244,file_24.bin,1048576,replication,0.004035472869873047
1767346758.29468,1245,file_25.bin,1048576,replication,0.0029587745666503906
1767346760.5188444,1246,file_26.bin,1048576,replication,0.002994060516357422
1767346762.6748042,1247,file_27.bin,1048576,replication,0.0039594173431396484
1767346764.8726976,1248,file_28.bin,1048576,replication,0.0039598941802978516
1767346767.05166,1249,file_29.bin,1048576,replication,0.0029616355895996094
1767346769.18056,1250,file_30.bin,1048576,replication,0.0039598941802978516
1767346771.3128374,1251,file_31.bin,1048576,replication,0.004956483840942383
1767346773.5574746,1252,file_32.bin,1048576,replication,0.004988431930541992
1767346776.0184681,1253,file_33.bin,1048576,replication,0.0039942264556884766
1767346778.2611108,1254,file_34.bin,1048576,replication,0.003992319107055664
1767346780.4791873,1255,file_35.bin,1048576,replication,0.003077983856201172
1767346782.687534,1256,file_36.bin,1048576,replication,0.003960847854614258
1767346784.8718407,1257,file_37.bin,1048576,replication,0.003959178924560547
1767346787.9887533,1258,file_38.bin,1048576,replication,0.007978200912475586
1767346790.241017,1259,file_39.bin,1048576,replication,0.0029578208923339844
1767346792.41271,1260,file_40.bin,1048576,replication,0.0040988922119140625
1767346794.6448257,1261,file_41.bin,1048576,replication,0.004049777984619141
1767346796.8198128,1262,file_42.bin,1048576,replication,0.003991365432739258
1767346798.9870396,1263,file_43.bin,1048576,replication,0.004957914352416992
1767346801.1240606,1264,file_44.bin,1048576,replication,0.003992319107055664
1767346803.2865534,1265,file_45.bin,1048576,replication,0.010054349899291992
1767346805.8036761,1266,file_46.bin,1048576,replication,0.003996372222900391
1767346808.003073,1267,file_47.bin,1048576,replication,0.003990650177001953
1767346810.12811,1268,file_48.bin,1048576,replication,0.003958940505981445
1767346812.305557,1269,file_49.bin,1048576,replication,0.004988670349121094
1767346814.4466538,1270,file_50.bin,1048576,replication,0.0061266422271728516
1767346816.650321,1271,file_51.bin,1048576,replication,0.0039899349212646484
1767346818.8194914,1272,file_52.bin,1048576,replication,0.003991842269897461
1767346820.9762645,1273,file_53.bin,1048576,replication,0.0049877166748046875
1767346823.126546,1274,file_54.bin,1048576,replication,0.003965139389038086
1767346825.2617898,1275,file_55.bin,1048576,replication,0.0049571990966796875
1767346827.4398713,1276,file_56.bin,1048576,replication,0.0030019283294677734
1767346829.6133244,1277,file_57.bin,1048576,replication,0.003957271575927734
1767346831.8889666,1278,file_58.bin,1048576,replication,0.006097078323364258
1767346834.0223207,1279,file_59.bin,1048576,replication,0.00408935546875
1767346836.2064743,1280,file_60.bin,1048576,replication,0.003956794738769531
1767346838.3830798,1281,file_61.bin,1048576,replication,0.003956794738769531
1767346840.5470574,1282,file_62.bin,1048576,replication,0.003992557525634766
1767346842.8307652,1283,file_63.bin,1048576,replication,0.0089569091796875
1767346845.020035,1284,file_64.bin,1048576,replication,0.0039577484130859375
1767346847.3299317,1285,file_65.bin,1048576,replication,0.003958940505981445
1767346849.4666917,1286,file_66.bin,1048576,replication,0.0029599666595458984
1767346851.6240664,1287,file_67.bin,1048576,replication,0.004987478256225586
1767346853.775012,1288,file_68.bin,1048576,replication,0.00399017333984375
1767346855.9758723,1289,file_69.bin,1048576,replication,0.0031156539916992188
1767346858.2049637,1290,file_70.bin,1048576,replication,0.003963947296142578
1767346860.383135,1291,file_71.bin,1048576,replication,0.00909280776977539
1767346862.6272895,1292,file_72.bin,1048576,replication,0.00399327278137207
1767346864.7426136,1293,file_73.bin,1048576,replication,0.003991603851318359
1767346866.8990488,1294,file_74.bin,1048576,replication,0.003966331481933594
1767346869.08039,1295,file_75.bin,1048576,replication,0.004963874816894531
1767346871.2065556,1296,file_76.bin,1048576,replication,0.0029649734497070312
1767346873.393451,1297,file_77.bin,1048576,replication,0.0029604434967041016
1767346875.5303557,1298,file_78.bin,1048576,replication,0.002963542938232422
1767346877.7306118,1299,file_79.bin,1048576,replication,0.0029647350311279297
1767346879.8918498,1300,file_80.bin,1048576,replication,0.003081798553466797
1767346882.0483093,1301,file_81.bin,1048576,replication,0.0049550533294677734
1767346884.2107272,1302,file_82.bin,1048576,replication,0.003954887390136719
1767346886.4007652,1303,file_83.bin,1048576,replication,0.003070354461669922
1767346888.5828323,1304,file_84.bin,1048576,replication,0.0039577484130859375
1767346890.7674987,1305,file_85.bin,1048576,replication,0.0029664039611816406
1767346892.9623127,1306,file_86.bin,1048576,replication,0.003958702087402344
1767346895.1886702,1307,file_87.bin,1048576,replication,0.003991842269897461
1767346897.3812206,1308,file_88.bin,1048576,replication,0.004990577697753906
1767346899.5676093,1309,file_89.bin,1048576,replication,0.0039920806884765625
1767346901.782831,1310,file_90.bin,1048576,replication,0.0029599666595458984
1767346903.9743948,1311,file_91.bin,1048576,replication,0.004137754440307617
1767346906.17135,1312,file_92.bin,1048576,replication,0.0029637813568115234
1767346908.3312438,1313,file_93.bin,1048576,replication,0.0039882659912109375
1767346910.5099556,1314,file_94.bin,1048576,replication,0.003103971481323242
1767346912.775538,1315,file_95.bin,1048576,replication,0.003960132598876953
1767346914.9202929,1316,file_96.bin,1048576,replication,0.003991842269897461
1767346917.0960448,1317,file_97.bin,1048576,replication,0.0029633045196533203
1767346919.2137313,1318,file_98.bin,1048576,replication,0.0029647350311279297
1767346921.371208,1319,file_99.bin,1048576,replication,0.0039942264556884766
1767347018.3325274,1320,file_0.bin,1048576,replication,0.048497676849365234
1767347020.5089417,1321,file_1.bin,1048576,replication,0.008939743041992188
1767347022.6873877,1322,file_2.bin,1048576,replication,0.0081634521484375
1767347024.8789892,1323,file_3.bin,1048576,replication,0.006932973861694336
1767347027.047606,1324,file_4.bin,1048576,replication,0.004965782165527344
1767347029.3164346,1325,file_5.bin,1048576,replication,0.004985809326171875
1767347031.528963,1326,file_6.bin,1048576,replication,0.003960371017456055
1767347033.700429,1327,file_7.bin,1048576,replication,0.0039577484130859375
1767347035.8781688,1328,file_8.bin,1048576,replication,0.010079622268676758
1767347038.04053,1329,file_9.bin,1048576,replication,0.003956317901611328
1767347040.245594,1330,file_10.bin,1048576,replication,0.002962350845336914
1767347042.3961208,1331,file_11.bin,1048576,replication,0.004961490631103516
1767347044.5748193,1332,file_12.bin,1048576,replication,0.003960371017456055
1767347046.7466764,1333,file_13.bin,1048576,replication,0.0030622482299804688
1767347048.962678,1334,file_14.bin,1048576,replication,0.0049550533294677734
1767347051.1424537,1335,file_15.bin,1048576,replication,0.00399017333984375
1767347053.3154354,1336,file_16.bin,1048576,replication,0.003952980041503906
1767347055.497862,1337,file_17.bin,1048576,replication,0.003990650177001953
1767347057.7759192,1338,file_18.bin,1048576,replication,0.003993034362792969
1767347059.9752166,1339,file_19.bin,1048576,replication,0.00396728515625
1767347062.1652293,1340,file_20.bin,1048576,replication,0.0050563812255859375
1767347064.3260775,1341,file_21.bin,1048576,replication,0.0029647350311279297
1767347066.4831731,1342,file_22.bin,1048576,replication,0.004958152770996094
1767347068.7289293,1343,file_23.bin,1048576,replication,0.004082441329956055
1767347070.884666,1344,file_24.bin,1048576,replication,0.003960371017456055
1767347073.079523,1345,file_25.bin,1048576,replication,0.004060506820678711
1767347075.2412114,1346,file_26.bin,1048576,replication,0.005957603454589844
1767347077.4098132,1347,file_27.bin,1048576,replication,0.007929801940917969
1767347079.5683742,1348,file_28.bin,1048576,replication,0.00399327278137207
1767347081.7125237,1349,file_29.bin,1048576,replication,0.004119157791137695
1767347083.8755739,1350,file_30.bin,1048576,replication,0.004946708679199219
1767347086.0153863,1351,file_31.bin,1048576,replication,0.00395965576171875
1767347088.2650478,1352,file_32.bin,1048576,replication,0.00399327278137207
1767347090.4358354,1353,file_33.bin,1048576,replication,0.003993511199951172
1767347092.6244428,1354,file_34.bin,1048576,replication,0.003267049789428711
1767347094.791989,1355,file_35.bin,1048576,replication,0.004987001419067383
1767347096.9553943,1356,file_36.bin,1048576,replication,0.0049898624420166016
1767347099.1167803,1357,file_37.bin,1048576,replication,0.003958463668823242
1767347101.278282,1358,file_38.bin,1048576,replication,0.0039577484130859375
1767347103.4734254,1359,file_39.bin,1048576,replication,0.00399327278137207
1767347105.6298525,1360,file_40.bin,1048576,replication,0.0039577484130859375
1767347107.8494568,1361,file_41.bin,1048576,replication,0.003960132598876953
1767347110.0166953,1362,file_42.bin,1048576,replication,0.003992557525634766
1767347112.2583826,1363,file_43.bin,1048576,replication,0.007088422775268555
1767347114.4428325,1364,file_44.bin,1048576,replication,0.003991603851318359
1767347116.631236,1365,file_45.bin,1048576,replication,0.004987001419067383
1767347118.7997656,1366,file_46.bin,1048576,replication,0.003955841064453125
1767347121.0745127,1367,file_47.bin,1048576,replication,0.00399327278137207
1767347123.208873,1368,file_48.bin,1048576,replication,0.003959178924560547
1767347125.3835506,1369,file_49.bin,1048576,replication,0.004113912582397461
1767347127.6412137,1370,file_50.bin,1048576,replication,0.004956483840942383
1767347129.80883,1371,file_51.bin,1048576,replication,0.004957675933837891
1767347131.9611347,1372,file_52.bin,1048576,replication,0.004059314727783203
1767347134.141012,1373,file_53.bin,1048576,replication,0.002962350845336914
1767347136.3133535,1374,file_54.bin,1048576,replication,0.003957271575927734
1767347138.487138,1375,file_55.bin,1048576,replication,0.004125118255615234
1767347140.7800865,1376,file_56.bin,1048576,replication,0.0029914379119873047
1767347143.0277855,1377,file_57.bin,1048576,replication,0.002992391586303711
1767347145.3147604,1378,file_58.bin,1048576,replication,0.002970457077026367
1767347147.4860637,1379,file_59.bin,1048576,replication,0.003990650177001953
1767347149.708056,1380,file_60.bin,1048576,replication,0.003992795944213867
1767347151.9211473,1381,file_61.bin,1048576,replication,0.004984378814697266
1767347154.0993176,1382,file_62.bin,1048576,replication,0.003991127014160156
1767347156.3138642,1383,file_63.bin,1048576,replication,0.003991603851318359
1767347158.4984243,1384,file_64.bin,1048576,replication,0.004097938537597656
1767347160.670808,1385,file_65.bin,1048576,replication,0.003964424133300781
1767347162.8063648,1386,file_66.bin,1048576,replication,0.003993511199951172
1767347164.9640028,1387,file_67.bin,1048576,replication,0.004958391189575195
1767347167.097844,1388,file_68.bin,1048576,replication,0.0039615631103515625
1767347169.326796,1389,file_69.bin,1048576,replication,0.002994060516357422
1767347171.4845676,1390,file_70.bin,1048576,replication,0.0039637088775634766
1767347173.6772041,1391,file_71.bin,1048576,replication,0.003993511199951172
1767347175.8394356,1392,file_72.bin,1048576,replication,0.003992795944213867
1767347178.007175,1393,file_73.bin,1048576,replication,0.004960298538208008
1767347180.1580613,1394,file_74.bin,1048576,replication,0.0029981136322021484
1767347182.3392227,1395,file_75.bin,1048576,replication,0.004990100860595703
1767347184.5215435,1396,file_76.bin,1048576,replication,0.003993034362792969
1767347186.692808,1397,file_77.bin,1048576,replication,0.002960681915283203
1767347188.8621004,1398,file_78.bin,1048576,replication,0.0029625892639160156
1767347191.0352216,1399,file_79.bin,1048576,replication,0.00698542594909668
1767347193.251003,1400,file_80.bin,1048576,replication,0.003991842269897461
1767347195.493086,1401,file_81.bin,1048576,replication,0.00395965576171875
1767347197.6964517,1402,file_82.bin,1048576,replication,0.002960681915283203
1767347199.8432426,1403,file_83.bin,1048576,replication,0.0029611587524414062
1767347201.9938698,1404,file_84.bin,1048576,replication,0.007933378219604492
1767347204.168478,1405,file_85.bin,1048576,replication,0.004083871841430664
1767347206.4015105,1406,file_86.bin,1048576,replication,0.00395655632019043
1767347208.6620317,1407,file_87.bin,1048576,replication,0.0039882659912109375
1767347210.9430687,1408,file_88.bin,1048576,replication,0.003966331481933594
1767347213.0981846,1409,file_89.bin,1048576,replication,0.004360198974609375
1767347215.2642643,1410,file_90.bin,1048576,replication,0.00396275520324707
1767347217.420648,1411,file_91.bin,1048576,replication,0.0039598941802978516
1767347219.5587428,1412,file_92.bin,1048576,replication,0.003957033157348633
1767347221.7481477,1413,file_93.bin,1048576,replication,0.003991603851318359
1767347223.9314687,1414,file_94.bin,1048576,replication,0.0049893856048583984
1767347226.083969,1415,file_95.bin,1048576,replication,0.0030934810638427734
1767347228.2390974,1416,file_96.bin,1048576,replication,0.003958702087402344
1767347230.4147449,1417,file_97.bin,1048576,replication,0.003960847854614258
1767347232.5654025,1418,file_98.bin,1048576,replication,0.003991127014160156
1767347234.740737,1419,file_99.bin,1048576,replication,0.005110740661621094
